,container_id,machine_id,time_stamp,cpu_util_percent,mem_util_percent,cpu_request,cpu_limit,mem_size,cpu_uage,mem_usage
0,c_10184,m_1897,86600,1,15,400,400,1.56,4.0,0.234
1,c_10184,m_1897,87010,2,15,400,400,1.56,8.0,0.234
2,c_10184,m_1897,87080,1,15,400,400,1.56,4.0,0.234
3,c_10184,m_1897,87410,1,15,400,400,1.56,4.0,0.234
4,c_10184,m_1897,87600,1,15,400,400,1.56,4.0,0.234
5,c_10184,m_1897,87840,1,15,400,400,1.56,4.0,0.234
6,c_10184,m_1897,91980,1,16,400,400,1.56,4.0,0.2496
7,c_10184,m_1897,92340,1,16,400,400,1.56,4.0,0.2496
8,c_10184,m_1897,92490,1,16,400,400,1.56,4.0,0.2496
9,c_10184,m_1897,92970,1,16,400,400,1.56,4.0,0.2496
10,c_10184,m_1897,93960,1,16,400,400,1.56,4.0,0.2496
11,c_10184,m_1897,94180,1,16,400,400,1.56,4.0,0.2496
12,c_10184,m_1897,94190,1,16,400,400,1.56,4.0,0.2496
13,c_10184,m_1897,94560,1,16,400,400,1.56,4.0,0.2496
14,c_10184,m_1897,94720,1,16,400,400,1.56,4.0,0.2496
15,c_10184,m_1897,96100,1,16,400,400,1.56,4.0,0.2496
16,c_10184,m_1897,97120,1,16,400,400,1.56,4.0,0.2496
17,c_10184,m_1897,97810,2,16,400,400,1.56,8.0,0.2496
18,c_10184,m_1897,98430,1,16,400,400,1.56,4.0,0.2496
19,c_10184,m_1897,98810,1,16,400,400,1.56,4.0,0.2496
20,c_10184,m_1897,104070,1,16,400,400,1.56,4.0,0.2496
21,c_10184,m_1897,106260,1,17,400,400,1.56,4.0,0.2652
22,c_10184,m_1897,107770,2,17,400,400,1.56,8.0,0.2652
23,c_10184,m_1897,107950,2,17,400,400,1.56,8.0,0.2652
24,c_10184,m_1897,108070,2,17,400,400,1.56,8.0,0.2652
25,c_10184,m_1897,109230,1,17,400,400,1.56,4.0,0.2652
26,c_10184,m_1897,110970,1,17,400,400,1.56,4.0,0.2652
27,c_10184,m_1897,111180,1,17,400,400,1.56,4.0,0.2652
28,c_10184,m_1897,112120,1,17,400,400,1.56,4.0,0.2652
29,c_10184,m_1897,113980,1,17,400,400,1.56,4.0,0.2652
30,c_10184,m_1897,114060,1,17,400,400,1.56,4.0,0.2652
31,c_10184,m_1897,114080,1,17,400,400,1.56,4.0,0.2652
32,c_10184,m_1897,114830,1,18,400,400,1.56,4.0,0.2808
33,c_10184,m_1897,115040,1,17,400,400,1.56,4.0,0.2652
34,c_10184,m_1897,115280,1,17,400,400,1.56,4.0,0.2652
35,c_10184,m_1897,116160,1,18,400,400,1.56,4.0,0.2808
36,c_10184,m_1897,116640,1,18,400,400,1.56,4.0,0.2808
37,c_10184,m_1897,117580,1,18,400,400,1.56,4.0,0.2808
38,c_10184,m_1897,118290,1,18,400,400,1.56,4.0,0.2808
39,c_10184,m_1897,118640,1,18,400,400,1.56,4.0,0.2808
40,c_10184,m_1897,118980,1,18,400,400,1.56,4.0,0.2808
41,c_10184,m_1897,119000,1,18,400,400,1.56,4.0,0.2808
42,c_10184,m_1897,119230,2,18,400,400,1.56,8.0,0.2808
43,c_10184,m_1897,120160,1,18,400,400,1.56,4.0,0.2808
44,c_10184,m_1897,120530,1,18,400,400,1.56,4.0,0.2808
45,c_10184,m_1897,121720,1,18,400,400,1.56,4.0,0.2808
46,c_10184,m_1897,122260,1,18,400,400,1.56,4.0,0.2808
47,c_10184,m_1897,122500,1,18,400,400,1.56,4.0,0.2808
48,c_10184,m_1897,122570,1,18,400,400,1.56,4.0,0.2808
49,c_10184,m_1897,124330,2,19,400,400,1.56,8.0,0.2964
50,c_10184,m_1897,124530,1,19,400,400,1.56,4.0,0.2964
51,c_10184,m_1897,125270,1,19,400,400,1.56,4.0,0.2964
52,c_10184,m_1897,125940,1,19,400,400,1.56,4.0,0.2964
53,c_10184,m_1897,126600,1,18,400,400,1.56,4.0,0.2808
54,c_10184,m_1897,127140,1,18,400,400,1.56,4.0,0.2808
55,c_10184,m_1897,127620,1,18,400,400,1.56,4.0,0.2808
56,c_10184,m_1897,127900,1,18,400,400,1.56,4.0,0.2808
57,c_10184,m_1897,128910,1,18,400,400,1.56,4.0,0.2808
58,c_10184,m_1897,129850,2,18,400,400,1.56,8.0,0.2808
59,c_10184,m_1897,130120,1,18,400,400,1.56,4.0,0.2808
60,c_10184,m_1897,131170,2,17,400,400,1.56,8.0,0.2652
61,c_10184,m_1897,132530,1,18,400,400,1.56,4.0,0.2808
62,c_10184,m_1897,161520,1,20,400,400,1.56,4.0,0.312
63,c_10184,m_1897,162190,2,20,400,400,1.56,8.0,0.312
64,c_10184,m_1897,163030,2,20,400,400,1.56,8.0,0.312
65,c_10184,m_1897,164440,1,19,400,400,1.56,4.0,0.2964
66,c_10184,m_1897,164790,1,19,400,400,1.56,4.0,0.2964
67,c_10184,m_1897,164800,1,19,400,400,1.56,4.0,0.2964
68,c_10184,m_1897,164930,1,19,400,400,1.56,4.0,0.2964
69,c_10184,m_1897,165130,2,19,400,400,1.56,8.0,0.2964
70,c_10184,m_1897,165420,1,19,400,400,1.56,4.0,0.2964
71,c_10184,m_1897,165690,1,20,400,400,1.56,4.0,0.312
72,c_10184,m_1897,165850,2,19,400,400,1.56,8.0,0.2964
73,c_10184,m_1897,166140,1,20,400,400,1.56,4.0,0.312
74,c_10184,m_1897,166760,1,20,400,400,1.56,4.0,0.312
75,c_10184,m_1897,167060,1,20,400,400,1.56,4.0,0.312
76,c_10184,m_1897,167350,2,20,400,400,1.56,8.0,0.312
77,c_10184,m_1897,167550,1,20,400,400,1.56,4.0,0.312
78,c_10184,m_1897,168290,1,20,400,400,1.56,4.0,0.312
79,c_10184,m_1897,168390,1,20,400,400,1.56,4.0,0.312
80,c_10184,m_1897,168730,2,20,400,400,1.56,8.0,0.312
81,c_10184,m_1897,168820,1,20,400,400,1.56,4.0,0.312
82,c_10184,m_1897,169120,1,20,400,400,1.56,4.0,0.312
83,c_10184,m_1897,169790,1,20,400,400,1.56,4.0,0.312
84,c_10184,m_1897,169830,1,20,400,400,1.56,4.0,0.312
85,c_10184,m_1897,169860,1,20,400,400,1.56,4.0,0.312
86,c_10184,m_1897,170590,1,20,400,400,1.56,4.0,0.312
87,c_10184,m_1897,170770,2,20,400,400,1.56,8.0,0.312
88,c_10184,m_1897,171720,1,20,400,400,1.56,4.0,0.312
89,c_10184,m_1897,172220,1,20,400,400,1.56,4.0,0.312
90,c_10184,m_1897,172550,1,21,400,400,1.56,4.0,0.3276
91,c_10184,m_1897,173140,1,21,400,400,1.56,4.0,0.3276
92,c_10184,m_1897,173660,1,21,400,400,1.56,4.0,0.3276
93,c_10184,m_1897,173820,1,21,400,400,1.56,4.0,0.3276
94,c_10184,m_1897,174000,1,21,400,400,1.56,4.0,0.3276
95,c_10184,m_1897,174320,1,21,400,400,1.56,4.0,0.3276
96,c_10184,m_1897,175490,1,21,400,400,1.56,4.0,0.3276
97,c_10184,m_1897,176570,1,22,400,400,1.56,4.0,0.3432
98,c_10184,m_1897,177480,1,21,400,400,1.56,4.0,0.3276
99,c_10184,m_1897,177910,2,21,400,400,1.56,8.0,0.3276
100,c_10184,m_1897,179570,1,22,400,400,1.56,4.0,0.3432
101,c_10184,m_1897,180130,2,22,400,400,1.56,8.0,0.3432
102,c_10184,m_1897,180330,2,22,400,400,1.56,8.0,0.3432
103,c_10184,m_1897,180450,1,22,400,400,1.56,4.0,0.3432
104,c_10184,m_1897,180630,1,22,400,400,1.56,4.0,0.3432
105,c_10184,m_1897,181120,1,22,400,400,1.56,4.0,0.3432
106,c_10184,m_1897,181220,1,22,400,400,1.56,4.0,0.3432
107,c_10184,m_1897,182350,2,22,400,400,1.56,8.0,0.3432
108,c_10184,m_1897,182630,1,22,400,400,1.56,4.0,0.3432
109,c_10184,m_1897,183000,1,22,400,400,1.56,4.0,0.3432
110,c_10184,m_1897,183100,1,22,400,400,1.56,4.0,0.3432
111,c_10184,m_1897,183280,1,22,400,400,1.56,4.0,0.3432
112,c_10184,m_1897,183320,1,22,400,400,1.56,4.0,0.3432
113,c_10184,m_1897,184920,1,22,400,400,1.56,4.0,0.3432
114,c_10184,m_1897,184930,2,22,400,400,1.56,8.0,0.3432
115,c_10184,m_1897,186830,1,22,400,400,1.56,4.0,0.3432
116,c_10184,m_1897,187600,1,23,400,400,1.56,4.0,0.3588
117,c_10184,m_1897,187980,1,22,400,400,1.56,4.0,0.3432
118,c_10184,m_1897,188170,2,22,400,400,1.56,8.0,0.3432
119,c_10184,m_1897,188900,1,22,400,400,1.56,4.0,0.3432
120,c_10184,m_1897,189710,1,22,400,400,1.56,4.0,0.3432
121,c_10184,m_1897,190180,1,22,400,400,1.56,4.0,0.3432
122,c_10184,m_1897,192360,1,22,400,400,1.56,4.0,0.3432
123,c_10184,m_1897,192450,1,22,400,400,1.56,4.0,0.3432
124,c_10184,m_1897,192650,1,22,400,400,1.56,4.0,0.3432
125,c_10184,m_1897,192900,1,22,400,400,1.56,4.0,0.3432
126,c_10184,m_1897,193220,1,22,400,400,1.56,4.0,0.3432
127,c_10184,m_1897,193390,2,22,400,400,1.56,8.0,0.3432
128,c_10184,m_1897,193450,2,22,400,400,1.56,8.0,0.3432
129,c_10184,m_1897,193610,1,22,400,400,1.56,4.0,0.3432
130,c_10184,m_1897,194150,1,23,400,400,1.56,4.0,0.3588
131,c_10184,m_1897,194570,1,22,400,400,1.56,4.0,0.3432
132,c_10184,m_1897,194780,2,23,400,400,1.56,8.0,0.3588
133,c_10184,m_1897,195280,1,22,400,400,1.56,4.0,0.3432
134,c_10184,m_1897,195450,1,23,400,400,1.56,4.0,0.3588
135,c_10184,m_1897,197010,1,23,400,400,1.56,4.0,0.3588
136,c_10184,m_1897,197380,1,23,400,400,1.56,4.0,0.3588
137,c_10184,m_1897,197750,1,23,400,400,1.56,4.0,0.3588
138,c_10184,m_1897,199870,2,23,400,400,1.56,8.0,0.3588
139,c_10184,m_1897,200440,1,23,400,400,1.56,4.0,0.3588
140,c_10184,m_1897,200760,1,22,400,400,1.56,4.0,0.3432
141,c_10184,m_1897,202110,1,22,400,400,1.56,4.0,0.3432
142,c_10184,m_1897,202610,1,22,400,400,1.56,4.0,0.3432
143,c_10184,m_1897,204210,1,22,400,400,1.56,4.0,0.3432
144,c_10184,m_1897,205220,1,22,400,400,1.56,4.0,0.3432
145,c_10184,m_1897,205630,2,22,400,400,1.56,8.0,0.3432
146,c_10184,m_1897,205710,1,22,400,400,1.56,4.0,0.3432
147,c_10184,m_1897,207860,1,22,400,400,1.56,4.0,0.3432
148,c_10184,m_1897,210080,1,23,400,400,1.56,4.0,0.3588
149,c_10184,m_1897,211060,1,23,400,400,1.56,4.0,0.3588
150,c_10184,m_1897,211090,2,23,400,400,1.56,8.0,0.3588
151,c_10184,m_1897,212550,1,23,400,400,1.56,4.0,0.3588
152,c_10184,m_1897,213420,1,23,400,400,1.56,4.0,0.3588
153,c_10184,m_1897,213620,1,23,400,400,1.56,4.0,0.3588
154,c_10184,m_1897,213830,1,23,400,400,1.56,4.0,0.3588
155,c_10184,m_1897,214410,1,23,400,400,1.56,4.0,0.3588
156,c_10184,m_1897,215440,1,23,400,400,1.56,4.0,0.3588
157,c_10184,m_1897,215580,2,23,400,400,1.56,8.0,0.3588
158,c_10184,m_1897,216110,1,23,400,400,1.56,4.0,0.3588
159,c_10184,m_1897,217130,1,23,400,400,1.56,4.0,0.3588
160,c_10184,m_1897,217350,1,23,400,400,1.56,4.0,0.3588
161,c_10184,m_1897,217570,2,23,400,400,1.56,8.0,0.3588
162,c_10184,m_1897,217960,1,23,400,400,1.56,4.0,0.3588
163,c_10184,m_1897,218040,1,23,400,400,1.56,4.0,0.3588
164,c_10184,m_1897,218220,1,23,400,400,1.56,4.0,0.3588
165,c_10184,m_1897,219070,2,23,400,400,1.56,8.0,0.3588
166,c_10184,m_1897,220970,1,23,400,400,1.56,4.0,0.3588
167,c_10184,m_1897,223000,1,23,400,400,1.56,4.0,0.3588
168,c_10184,m_1897,223350,1,23,400,400,1.56,4.0,0.3588
169,c_10184,m_1897,223650,1,24,400,400,1.56,4.0,0.3744
170,c_10184,m_1897,224360,1,23,400,400,1.56,4.0,0.3588
171,c_10184,m_1897,224790,1,23,400,400,1.56,4.0,0.3588
172,c_10184,m_1897,224990,1,24,400,400,1.56,4.0,0.3744
173,c_10184,m_1897,225010,2,24,400,400,1.56,8.0,0.3744
174,c_10184,m_1897,225700,1,24,400,400,1.56,4.0,0.3744
175,c_10184,m_1897,226060,1,24,400,400,1.56,4.0,0.3744
176,c_10184,m_1897,226510,2,24,400,400,1.56,8.0,0.3744
177,c_10184,m_1897,228250,2,24,400,400,1.56,8.0,0.3744
178,c_10184,m_1897,228780,1,24,400,400,1.56,4.0,0.3744
179,c_10184,m_1897,230370,1,24,400,400,1.56,4.0,0.3744
180,c_10184,m_1897,231380,1,24,400,400,1.56,4.0,0.3744
181,c_10184,m_1897,232280,1,24,400,400,1.56,4.0,0.3744
182,c_10184,m_1897,232330,2,24,400,400,1.56,8.0,0.3744
183,c_10184,m_1897,233290,2,24,400,400,1.56,8.0,0.3744
184,c_10184,m_1897,234110,1,24,400,400,1.56,4.0,0.3744
185,c_10184,m_1897,234500,1,25,400,400,1.56,4.0,0.39
186,c_10184,m_1897,234620,1,25,400,400,1.56,4.0,0.39
187,c_10184,m_1897,235260,1,25,400,400,1.56,4.0,0.39
188,c_10184,m_1897,237260,1,25,400,400,1.56,4.0,0.39
189,c_10184,m_1897,238390,2,24,400,400,1.56,8.0,0.3744
190,c_10184,m_1897,238560,1,24,400,400,1.56,4.0,0.3744
191,c_10184,m_1897,238900,1,24,400,400,1.56,4.0,0.3744
192,c_10184,m_1897,239050,2,24,400,400,1.56,8.0,0.3744
193,c_10184,m_1897,240750,1,24,400,400,1.56,4.0,0.3744
194,c_10184,m_1897,241980,1,24,400,400,1.56,4.0,0.3744
195,c_10184,m_1897,242480,1,24,400,400,1.56,4.0,0.3744
196,c_10184,m_1897,243510,1,24,400,400,1.56,4.0,0.3744
197,c_10184,m_1897,243550,2,24,400,400,1.56,8.0,0.3744
198,c_10184,m_1897,243580,1,24,400,400,1.56,4.0,0.3744
199,c_10184,m_1897,243910,2,24,400,400,1.56,8.0,0.3744
200,c_10184,m_1897,244010,1,24,400,400,1.56,4.0,0.3744
201,c_10184,m_1897,244940,1,24,400,400,1.56,4.0,0.3744
202,c_10184,m_1897,245240,1,24,400,400,1.56,4.0,0.3744
203,c_10184,m_1897,245410,2,24,400,400,1.56,8.0,0.3744
204,c_10184,m_1897,246570,1,24,400,400,1.56,4.0,0.3744
205,c_10184,m_1897,247030,2,23,400,400,1.56,8.0,0.3588
206,c_10184,m_1897,247140,1,23,400,400,1.56,4.0,0.3588
207,c_10184,m_1897,247720,1,23,400,400,1.56,4.0,0.3588
208,c_10184,m_1897,248110,2,23,400,400,1.56,8.0,0.3588
209,c_10184,m_1897,250170,1,24,400,400,1.56,4.0,0.3744
210,c_10184,m_1897,250610,1,24,400,400,1.56,4.0,0.3744
211,c_10184,m_1897,251520,1,24,400,400,1.56,4.0,0.3744
212,c_10184,m_1897,253730,1,24,400,400,1.56,4.0,0.3744
213,c_10184,m_1897,254150,1,24,400,400,1.56,4.0,0.3744
214,c_10184,m_1897,254500,1,24,400,400,1.56,4.0,0.3744
215,c_10184,m_1897,254840,1,24,400,400,1.56,4.0,0.3744
216,c_10184,m_1897,255080,1,24,400,400,1.56,4.0,0.3744
217,c_10184,m_1897,255510,1,24,400,400,1.56,4.0,0.3744
218,c_10184,m_1897,255820,1,24,400,400,1.56,4.0,0.3744
219,c_10184,m_1897,257460,1,24,400,400,1.56,4.0,0.3744
220,c_10184,m_1897,258240,1,24,400,400,1.56,4.0,0.3744
221,c_10184,m_1897,258310,2,24,400,400,1.56,8.0,0.3744
222,c_10184,m_1897,258640,1,24,400,400,1.56,4.0,0.3744
223,c_10184,m_1897,258800,1,25,400,400,1.56,4.0,0.39
224,c_10184,m_1897,258880,1,24,400,400,1.56,4.0,0.3744
225,c_10184,m_1897,260060,1,25,400,400,1.56,4.0,0.39
226,c_10184,m_1897,260150,1,25,400,400,1.56,4.0,0.39
227,c_10184,m_1897,260400,1,25,400,400,1.56,4.0,0.39
228,c_10184,m_1897,262150,2,25,400,400,1.56,8.0,0.39
229,c_10184,m_1897,263530,1,25,400,400,1.56,4.0,0.39
230,c_10184,m_1897,263930,1,25,400,400,1.56,4.0,0.39
231,c_10184,m_1897,264310,2,25,400,400,1.56,8.0,0.39
232,c_10184,m_1897,264480,1,25,400,400,1.56,4.0,0.39
233,c_10184,m_1897,265430,1,25,400,400,1.56,4.0,0.39
234,c_10184,m_1897,266530,2,25,400,400,1.56,8.0,0.39
235,c_10184,m_1897,266860,1,25,400,400,1.56,4.0,0.39
236,c_10184,m_1897,267110,1,25,400,400,1.56,4.0,0.39
237,c_10184,m_1897,267270,1,25,400,400,1.56,4.0,0.39
238,c_10184,m_1897,267430,2,25,400,400,1.56,8.0,0.39
239,c_10184,m_1897,267570,1,25,400,400,1.56,4.0,0.39
240,c_10184,m_1897,268260,1,25,400,400,1.56,4.0,0.39
241,c_10184,m_1897,268280,1,25,400,400,1.56,4.0,0.39
242,c_10184,m_1897,268690,2,25,400,400,1.56,8.0,0.39
243,c_10184,m_1897,269160,1,25,400,400,1.56,4.0,0.39
244,c_10184,m_1897,269410,2,25,400,400,1.56,8.0,0.39
245,c_10184,m_1897,269850,1,26,400,400,1.56,4.0,0.4056
246,c_10184,m_1897,271550,1,26,400,400,1.56,4.0,0.4056
247,c_10184,m_1897,271800,1,26,400,400,1.56,4.0,0.4056
248,c_10184,m_1897,272210,1,26,400,400,1.56,4.0,0.4056
249,c_10184,m_1897,273590,1,26,400,400,1.56,4.0,0.4056
250,c_10184,m_1897,273670,2,26,400,400,1.56,8.0,0.4056
251,c_10184,m_1897,275420,1,25,400,400,1.56,4.0,0.39
252,c_10184,m_1897,275520,1,25,400,400,1.56,4.0,0.39
253,c_10184,m_1897,276110,1,25,400,400,1.56,4.0,0.39
254,c_10184,m_1897,276930,1,24,400,400,1.56,4.0,0.3744
255,c_10184,m_1897,278340,1,25,400,400,1.56,4.0,0.39
256,c_10184,m_1897,279360,1,24,400,400,1.56,4.0,0.3744
257,c_10184,m_1897,279520,1,24,400,400,1.56,4.0,0.3744
258,c_10184,m_1897,280490,1,25,400,400,1.56,4.0,0.39
259,c_10184,m_1897,281010,1,25,400,400,1.56,4.0,0.39
260,c_10184,m_1897,281240,1,25,400,400,1.56,4.0,0.39
261,c_10184,m_1897,281800,1,25,400,400,1.56,4.0,0.39
262,c_10184,m_1897,281980,1,25,400,400,1.56,4.0,0.39
263,c_10184,m_1897,282520,1,25,400,400,1.56,4.0,0.39
264,c_10184,m_1897,282780,1,25,400,400,1.56,4.0,0.39
265,c_10184,m_1897,282850,2,25,400,400,1.56,8.0,0.39
266,c_10184,m_1897,283110,1,25,400,400,1.56,4.0,0.39
267,c_10184,m_1897,283120,1,25,400,400,1.56,4.0,0.39
268,c_10184,m_1897,284650,2,25,400,400,1.56,8.0,0.39
269,c_10184,m_1897,284680,1,25,400,400,1.56,4.0,0.39
270,c_10184,m_1897,285850,2,25,400,400,1.56,8.0,0.39
271,c_10184,m_1897,286120,1,25,400,400,1.56,4.0,0.39
272,c_10184,m_1897,286470,1,25,400,400,1.56,4.0,0.39
273,c_10184,m_1897,286650,1,25,400,400,1.56,4.0,0.39
274,c_10184,m_1897,287440,1,25,400,400,1.56,4.0,0.39
275,c_10184,m_1897,287450,1,25,400,400,1.56,4.0,0.39
276,c_10184,m_1897,288000,1,25,400,400,1.56,4.0,0.39
277,c_10184,m_1897,288170,1,25,400,400,1.56,4.0,0.39
278,c_10184,m_1897,288930,1,25,400,400,1.56,4.0,0.39
279,c_10184,m_1897,289180,1,25,400,400,1.56,4.0,0.39
280,c_10184,m_1897,289310,1,25,400,400,1.56,4.0,0.39
281,c_10184,m_1897,290020,1,25,400,400,1.56,4.0,0.39
282,c_10184,m_1897,290180,1,26,400,400,1.56,4.0,0.4056
283,c_10184,m_1897,290880,1,25,400,400,1.56,4.0,0.39
284,c_10184,m_1897,290920,1,25,400,400,1.56,4.0,0.39
285,c_10184,m_1897,291300,1,25,400,400,1.56,4.0,0.39
286,c_10184,m_1897,292230,1,26,400,400,1.56,4.0,0.4056
287,c_10184,m_1897,292710,1,26,400,400,1.56,4.0,0.4056
288,c_10184,m_1897,293200,1,26,400,400,1.56,4.0,0.4056
289,c_10184,m_1897,293280,1,26,400,400,1.56,4.0,0.4056
290,c_10184,m_1897,293380,1,26,400,400,1.56,4.0,0.4056
291,c_10184,m_1897,293390,1,26,400,400,1.56,4.0,0.4056
292,c_10184,m_1897,293710,2,26,400,400,1.56,8.0,0.4056
293,c_10184,m_1897,293820,1,26,400,400,1.56,4.0,0.4056
294,c_10184,m_1897,294000,1,26,400,400,1.56,4.0,0.4056
295,c_10184,m_1897,294100,1,26,400,400,1.56,4.0,0.4056
296,c_10184,m_1897,294380,1,26,400,400,1.56,4.0,0.4056
297,c_10184,m_1897,295350,1,26,400,400,1.56,4.0,0.4056
298,c_10184,m_1897,295560,1,26,400,400,1.56,4.0,0.4056
299,c_10184,m_1897,296650,2,26,400,400,1.56,8.0,0.4056
300,c_10184,m_1897,296790,1,26,400,400,1.56,4.0,0.4056
301,c_10184,m_1897,297340,1,26,400,400,1.56,4.0,0.4056
302,c_10184,m_1897,297500,1,26,400,400,1.56,4.0,0.4056
303,c_10184,m_1897,298160,1,26,400,400,1.56,4.0,0.4056
304,c_10184,m_1897,298800,1,26,400,400,1.56,4.0,0.4056
305,c_10184,m_1897,300330,1,26,400,400,1.56,4.0,0.4056
306,c_10184,m_1897,301320,1,26,400,400,1.56,4.0,0.4056
307,c_10184,m_1897,302200,1,26,400,400,1.56,4.0,0.4056
308,c_10184,m_1897,302870,1,26,400,400,1.56,4.0,0.4056
309,c_10184,m_1897,304300,1,26,400,400,1.56,4.0,0.4056
310,c_10184,m_1897,305180,2,27,400,400,1.56,8.0,0.4212
311,c_10184,m_1897,305240,1,27,400,400,1.56,4.0,0.4212
312,c_10184,m_1897,305310,1,26,400,400,1.56,4.0,0.4056
313,c_10184,m_1897,305740,1,26,400,400,1.56,4.0,0.4056
314,c_10184,m_1897,307410,1,26,400,400,1.56,4.0,0.4056
315,c_10184,m_1897,307650,1,26,400,400,1.56,4.0,0.4056
316,c_10184,m_1897,309070,2,26,400,400,1.56,8.0,0.4056
317,c_10184,m_1897,309660,1,26,400,400,1.56,4.0,0.4056
318,c_10184,m_1897,310940,1,26,400,400,1.56,4.0,0.4056
319,c_10184,m_1897,311570,1,26,400,400,1.56,4.0,0.4056
320,c_10184,m_1897,312110,1,25,400,400,1.56,4.0,0.39
321,c_10184,m_1897,313680,1,25,400,400,1.56,4.0,0.39
322,c_10184,m_1897,314020,1,25,400,400,1.56,4.0,0.39
323,c_10184,m_1897,314080,1,25,400,400,1.56,4.0,0.39
324,c_10184,m_1897,314440,1,25,400,400,1.56,4.0,0.39
325,c_10184,m_1897,315970,2,25,400,400,1.56,8.0,0.39
326,c_10184,m_1897,316290,1,25,400,400,1.56,4.0,0.39
327,c_10184,m_1897,316660,1,25,400,400,1.56,4.0,0.39
328,c_10184,m_1897,316960,1,25,400,400,1.56,4.0,0.39
329,c_10184,m_1897,318170,1,25,400,400,1.56,4.0,0.39
330,c_10184,m_1897,318580,1,25,400,400,1.56,4.0,0.39
331,c_10184,m_1897,318750,1,25,400,400,1.56,4.0,0.39
332,c_10184,m_1897,319260,1,25,400,400,1.56,4.0,0.39
333,c_10184,m_1897,319380,1,25,400,400,1.56,4.0,0.39
334,c_10184,m_1897,319430,1,25,400,400,1.56,4.0,0.39
335,c_10184,m_1897,320150,1,25,400,400,1.56,4.0,0.39
336,c_10184,m_1897,320420,1,25,400,400,1.56,4.0,0.39
337,c_10184,m_1897,322200,1,25,400,400,1.56,4.0,0.39
338,c_10184,m_1897,323760,1,26,400,400,1.56,4.0,0.4056
339,c_10184,m_1897,324130,2,26,400,400,1.56,8.0,0.4056
340,c_10184,m_1897,324200,1,26,400,400,1.56,4.0,0.4056
341,c_10184,m_1897,324300,1,26,400,400,1.56,4.0,0.4056
342,c_10184,m_1897,324320,1,26,400,400,1.56,4.0,0.4056
343,c_10184,m_1897,324710,1,26,400,400,1.56,4.0,0.4056
344,c_10184,m_1897,325610,1,26,400,400,1.56,4.0,0.4056
345,c_10184,m_1897,325690,2,26,400,400,1.56,8.0,0.4056
346,c_10184,m_1897,326370,1,26,400,400,1.56,4.0,0.4056
347,c_10184,m_1897,326430,1,26,400,400,1.56,4.0,0.4056
348,c_10184,m_1897,326890,2,26,400,400,1.56,8.0,0.4056
349,c_10184,m_1897,326950,2,26,400,400,1.56,8.0,0.4056
350,c_10184,m_1897,327090,1,26,400,400,1.56,4.0,0.4056
351,c_10184,m_1897,327630,1,26,400,400,1.56,4.0,0.4056
352,c_10184,m_1897,328310,1,26,400,400,1.56,4.0,0.4056
353,c_10184,m_1897,328610,1,26,400,400,1.56,4.0,0.4056
354,c_10184,m_1897,329900,1,26,400,400,1.56,4.0,0.4056
355,c_10184,m_1897,331240,1,26,400,400,1.56,4.0,0.4056
356,c_10184,m_1897,331920,1,26,400,400,1.56,4.0,0.4056
357,c_10184,m_1897,332080,1,26,400,400,1.56,4.0,0.4056
358,c_10184,m_1897,332320,1,26,400,400,1.56,4.0,0.4056
359,c_10184,m_1897,332680,1,26,400,400,1.56,4.0,0.4056
360,c_10184,m_1897,333000,1,26,400,400,1.56,4.0,0.4056
361,c_10184,m_1897,333880,1,26,400,400,1.56,4.0,0.4056
362,c_10184,m_1897,334260,1,27,400,400,1.56,4.0,0.4212
363,c_10184,m_1897,334310,1,27,400,400,1.56,4.0,0.4212
364,c_10184,m_1897,334610,1,27,400,400,1.56,4.0,0.4212
365,c_10184,m_1897,334630,2,27,400,400,1.56,8.0,0.4212
366,c_10184,m_1897,335420,1,26,400,400,1.56,4.0,0.4056
367,c_10184,m_1897,335720,1,26,400,400,1.56,4.0,0.4056
368,c_10184,m_1897,336290,1,26,400,400,1.56,4.0,0.4056
369,c_10184,m_1897,336570,1,26,400,400,1.56,4.0,0.4056
370,c_10184,m_1897,336620,1,26,400,400,1.56,4.0,0.4056
371,c_10184,m_1897,337220,1,26,400,400,1.56,4.0,0.4056
372,c_10184,m_1897,338140,1,26,400,400,1.56,4.0,0.4056
373,c_10184,m_1897,338180,1,26,400,400,1.56,4.0,0.4056
374,c_10184,m_1897,338710,2,26,400,400,1.56,8.0,0.4056
375,c_10184,m_1897,338810,1,27,400,400,1.56,4.0,0.4212
376,c_10184,m_1897,339180,1,26,400,400,1.56,4.0,0.4056
377,c_10184,m_1897,340190,1,26,400,400,1.56,4.0,0.4056
378,c_10184,m_1897,340420,1,27,400,400,1.56,4.0,0.4212
379,c_10184,m_1897,341300,1,27,400,400,1.56,4.0,0.4212
380,c_10184,m_1897,342540,1,27,400,400,1.56,4.0,0.4212
381,c_10184,m_1897,342660,1,27,400,400,1.56,4.0,0.4212
382,c_10184,m_1897,344740,1,27,400,400,1.56,4.0,0.4212
383,c_10184,m_1897,344880,1,27,400,400,1.56,4.0,0.4212
384,c_10184,m_1897,344890,2,27,400,400,1.56,8.0,0.4212
385,c_10184,m_1897,344940,1,27,400,400,1.56,4.0,0.4212
386,c_10184,m_1897,346470,1,27,400,400,1.56,4.0,0.4212
387,c_10184,m_1897,346730,1,27,400,400,1.56,4.0,0.4212
388,c_10184,m_1897,347300,1,27,400,400,1.56,4.0,0.4212
389,c_10184,m_1897,348390,1,27,400,400,1.56,4.0,0.4212
390,c_10184,m_1897,349900,1,26,400,400,1.56,4.0,0.4056
391,c_10184,m_1897,350400,1,26,400,400,1.56,4.0,0.4056
392,c_10184,m_1897,351230,1,26,400,400,1.56,4.0,0.4056
393,c_10184,m_1897,351410,1,26,400,400,1.56,4.0,0.4056
394,c_10184,m_1897,351730,2,26,400,400,1.56,8.0,0.4056
395,c_10184,m_1897,352010,1,26,400,400,1.56,4.0,0.4056
396,c_10184,m_1897,353240,1,27,400,400,1.56,4.0,0.4212
397,c_10184,m_1897,353340,1,27,400,400,1.56,4.0,0.4212
398,c_10184,m_1897,353760,1,27,400,400,1.56,4.0,0.4212
399,c_10184,m_1897,354120,1,27,400,400,1.56,4.0,0.4212
400,c_10184,m_1897,355310,1,27,400,400,1.56,4.0,0.4212
401,c_10184,m_1897,356170,2,27,400,400,1.56,8.0,0.4212
402,c_10184,m_1897,357230,1,27,400,400,1.56,4.0,0.4212
403,c_10184,m_1897,357750,1,27,400,400,1.56,4.0,0.4212
404,c_10184,m_1897,358200,1,27,400,400,1.56,4.0,0.4212
405,c_10184,m_1897,358300,1,27,400,400,1.56,4.0,0.4212
406,c_10184,m_1897,359250,1,27,400,400,1.56,4.0,0.4212
407,c_10184,m_1897,359290,2,27,400,400,1.56,8.0,0.4212
408,c_10184,m_1897,360040,1,27,400,400,1.56,4.0,0.4212
409,c_10184,m_1897,361540,1,27,400,400,1.56,4.0,0.4212
410,c_10184,m_1897,362140,1,27,400,400,1.56,4.0,0.4212
411,c_10184,m_1897,362160,1,28,400,400,1.56,4.0,0.4368
412,c_10184,m_1897,363500,1,27,400,400,1.56,4.0,0.4212
413,c_10184,m_1897,363790,2,28,400,400,1.56,8.0,0.4368
414,c_10184,m_1897,364990,2,27,400,400,1.56,8.0,0.4212
415,c_10184,m_1897,366490,2,27,400,400,1.56,8.0,0.4212
416,c_10184,m_1897,367120,1,27,400,400,1.56,4.0,0.4212
417,c_10184,m_1897,367710,1,27,400,400,1.56,4.0,0.4212
418,c_10184,m_1897,368380,1,27,400,400,1.56,4.0,0.4212
419,c_10184,m_1897,370550,1,27,400,400,1.56,4.0,0.4212
420,c_10184,m_1897,370770,1,27,400,400,1.56,4.0,0.4212
421,c_10184,m_1897,371150,1,27,400,400,1.56,4.0,0.4212
422,c_10184,m_1897,371720,1,27,400,400,1.56,4.0,0.4212
423,c_10184,m_1897,371800,1,27,400,400,1.56,4.0,0.4212
424,c_10184,m_1897,372060,1,27,400,400,1.56,4.0,0.4212
425,c_10184,m_1897,375790,2,26,400,400,1.56,8.0,0.4056
426,c_10184,m_1897,376310,1,27,400,400,1.56,4.0,0.4212
427,c_10184,m_1897,379660,1,27,400,400,1.56,4.0,0.4212
428,c_10184,m_1897,380340,1,27,400,400,1.56,4.0,0.4212
429,c_10184,m_1897,380810,1,27,400,400,1.56,4.0,0.4212
430,c_10184,m_1897,382640,1,27,400,400,1.56,4.0,0.4212
431,c_10184,m_1897,385080,1,27,400,400,1.56,4.0,0.4212
432,c_10184,m_1897,385300,1,27,400,400,1.56,4.0,0.4212
433,c_10184,m_1897,385620,1,28,400,400,1.56,4.0,0.4368
434,c_10184,m_1897,385790,1,28,400,400,1.56,4.0,0.4368
435,c_10184,m_1897,386410,2,26,400,400,1.56,8.0,0.4056
436,c_10184,m_1897,386730,1,26,400,400,1.56,4.0,0.4056
437,c_10184,m_1897,386910,1,26,400,400,1.56,4.0,0.4056
438,c_10184,m_1897,387090,1,26,400,400,1.56,4.0,0.4056
439,c_10184,m_1897,387860,1,26,400,400,1.56,4.0,0.4056
440,c_10184,m_1897,388090,2,27,400,400,1.56,8.0,0.4212
441,c_10184,m_1897,388820,1,27,400,400,1.56,4.0,0.4212
442,c_10184,m_1897,390710,1,27,400,400,1.56,4.0,0.4212
443,c_10184,m_1897,391770,1,27,400,400,1.56,4.0,0.4212
444,c_10184,m_1897,392440,1,27,400,400,1.56,4.0,0.4212
445,c_10184,m_1897,394090,2,26,400,400,1.56,8.0,0.4056
446,c_10184,m_1897,394480,1,26,400,400,1.56,4.0,0.4056
447,c_10184,m_1897,395350,2,26,400,400,1.56,8.0,0.4056
448,c_10184,m_1897,395980,1,26,400,400,1.56,4.0,0.4056
449,c_10184,m_1897,396250,2,26,400,400,1.56,8.0,0.4056
450,c_10184,m_1897,396570,1,26,400,400,1.56,4.0,0.4056
451,c_10184,m_1897,397100,1,26,400,400,1.56,4.0,0.4056
452,c_10184,m_1897,398160,1,26,400,400,1.56,4.0,0.4056
453,c_10184,m_1897,398550,1,26,400,400,1.56,4.0,0.4056
454,c_10184,m_1897,399320,1,26,400,400,1.56,4.0,0.4056
455,c_10184,m_1897,399330,1,26,400,400,1.56,4.0,0.4056
456,c_10184,m_1897,399840,1,26,400,400,1.56,4.0,0.4056
457,c_10184,m_1897,400310,1,27,400,400,1.56,4.0,0.4212
458,c_10184,m_1897,400730,1,27,400,400,1.56,4.0,0.4212
459,c_10184,m_1897,400770,1,27,400,400,1.56,4.0,0.4212
460,c_10184,m_1897,402080,1,27,400,400,1.56,4.0,0.4212
461,c_10184,m_1897,402580,1,27,400,400,1.56,4.0,0.4212
462,c_10184,m_1897,402770,1,27,400,400,1.56,4.0,0.4212
463,c_10184,m_1897,403370,1,27,400,400,1.56,4.0,0.4212
464,c_10184,m_1897,405830,1,27,400,400,1.56,4.0,0.4212
465,c_10184,m_1897,405860,1,27,400,400,1.56,4.0,0.4212
466,c_10184,m_1897,406270,2,27,400,400,1.56,8.0,0.4212
467,c_10184,m_1897,407000,1,27,400,400,1.56,4.0,0.4212
468,c_10184,m_1897,409030,2,27,400,400,1.56,8.0,0.4212
469,c_10184,m_1897,412000,1,28,400,400,1.56,4.0,0.4368
470,c_10184,m_1897,412390,2,28,400,400,1.56,8.0,0.4368
471,c_10184,m_1897,412480,1,27,400,400,1.56,4.0,0.4212
472,c_10184,m_1897,414020,1,28,400,400,1.56,4.0,0.4368
473,c_10184,m_1897,415590,1,28,400,400,1.56,4.0,0.4368
474,c_10184,m_1897,415710,1,28,400,400,1.56,4.0,0.4368
475,c_10184,m_1897,416320,1,28,400,400,1.56,4.0,0.4368
476,c_10184,m_1897,416570,1,28,400,400,1.56,4.0,0.4368
477,c_10184,m_1897,418570,2,28,400,400,1.56,8.0,0.4368
478,c_10184,m_1897,418790,1,28,400,400,1.56,4.0,0.4368
479,c_10184,m_1897,419760,1,28,400,400,1.56,4.0,0.4368
480,c_10184,m_1897,420160,1,28,400,400,1.56,4.0,0.4368
481,c_10184,m_1897,420240,1,28,400,400,1.56,4.0,0.4368
482,c_10184,m_1897,421610,1,28,400,400,1.56,4.0,0.4368
483,c_10184,m_1897,422620,1,28,400,400,1.56,4.0,0.4368
484,c_10184,m_1897,424390,1,26,400,400,1.56,4.0,0.4056
485,c_10184,m_1897,425040,1,26,400,400,1.56,4.0,0.4056
486,c_10184,m_1897,426070,2,27,400,400,1.56,8.0,0.4212
487,c_10184,m_1897,426350,1,27,400,400,1.56,4.0,0.4212
488,c_10184,m_1897,427240,1,27,400,400,1.56,4.0,0.4212
489,c_10184,m_1897,427460,1,27,400,400,1.56,4.0,0.4212
490,c_10184,m_1897,428070,1,27,400,400,1.56,4.0,0.4212
491,c_10184,m_1897,428840,1,27,400,400,1.56,4.0,0.4212
492,c_10184,m_1897,429280,1,27,400,400,1.56,4.0,0.4212
493,c_10184,m_1897,429330,1,27,400,400,1.56,4.0,0.4212
494,c_10184,m_1897,430180,1,27,400,400,1.56,4.0,0.4212
495,c_10184,m_1897,431080,1,27,400,400,1.56,4.0,0.4212
496,c_10184,m_1897,431150,1,27,400,400,1.56,4.0,0.4212
497,c_10184,m_1897,431260,1,27,400,400,1.56,4.0,0.4212
498,c_10184,m_1897,431790,1,27,400,400,1.56,4.0,0.4212
499,c_10184,m_1897,431950,2,27,400,400,1.56,8.0,0.4212
500,c_10184,m_1897,432390,1,27,400,400,1.56,4.0,0.4212
501,c_10184,m_1897,432960,1,27,400,400,1.56,4.0,0.4212
502,c_10184,m_1897,433840,1,26,400,400,1.56,4.0,0.4056
503,c_10184,m_1897,434140,1,26,400,400,1.56,4.0,0.4056
504,c_10184,m_1897,434780,1,26,400,400,1.56,4.0,0.4056
505,c_10184,m_1897,435230,1,26,400,400,1.56,4.0,0.4056
506,c_10184,m_1897,435800,1,26,400,400,1.56,4.0,0.4056
507,c_10184,m_1897,436820,1,25,400,400,1.56,4.0,0.39
508,c_10184,m_1897,437380,1,26,400,400,1.56,4.0,0.4056
509,c_10184,m_1897,437390,1,26,400,400,1.56,4.0,0.4056
510,c_10184,m_1897,438080,1,25,400,400,1.56,4.0,0.39
511,c_10184,m_1897,439000,1,26,400,400,1.56,4.0,0.4056
512,c_10184,m_1897,439160,1,25,400,400,1.56,4.0,0.39
513,c_10184,m_1897,439560,1,26,400,400,1.56,4.0,0.4056
514,c_10184,m_1897,439580,1,26,400,400,1.56,4.0,0.4056
515,c_10184,m_1897,439660,1,26,400,400,1.56,4.0,0.4056
516,c_10184,m_1897,439780,1,26,400,400,1.56,4.0,0.4056
517,c_10184,m_1897,440600,1,26,400,400,1.56,4.0,0.4056
518,c_10184,m_1897,440780,1,26,400,400,1.56,4.0,0.4056
519,c_10184,m_1897,440910,1,26,400,400,1.56,4.0,0.4056
520,c_10184,m_1897,441500,1,26,400,400,1.56,4.0,0.4056
521,c_10184,m_1897,442410,1,26,400,400,1.56,4.0,0.4056
522,c_10184,m_1897,442840,1,26,400,400,1.56,4.0,0.4056
523,c_10184,m_1897,443420,1,26,400,400,1.56,4.0,0.4056
524,c_10184,m_1897,443710,2,26,400,400,1.56,8.0,0.4056
525,c_10184,m_1897,444010,2,26,400,400,1.56,8.0,0.4056
526,c_10184,m_1897,444250,2,26,400,400,1.56,8.0,0.4056
527,c_10184,m_1897,445180,1,26,400,400,1.56,4.0,0.4056
528,c_10184,m_1897,446250,1,26,400,400,1.56,4.0,0.4056
529,c_10184,m_1897,446370,1,26,400,400,1.56,4.0,0.4056
530,c_10184,m_1897,447150,1,26,400,400,1.56,4.0,0.4056
531,c_10184,m_1897,448190,1,26,400,400,1.56,4.0,0.4056
532,c_10184,m_1897,448880,1,26,400,400,1.56,4.0,0.4056
533,c_10184,m_1897,449240,1,26,400,400,1.56,4.0,0.4056
534,c_10184,m_1897,449970,1,26,400,400,1.56,4.0,0.4056
535,c_10184,m_1897,449990,1,26,400,400,1.56,4.0,0.4056
536,c_10184,m_1897,450810,1,27,400,400,1.56,4.0,0.4212
537,c_10184,m_1897,451900,1,27,400,400,1.56,4.0,0.4212
538,c_10184,m_1897,452320,1,27,400,400,1.56,4.0,0.4212
539,c_10184,m_1897,452700,1,26,400,400,1.56,4.0,0.4056
540,c_10184,m_1897,453350,1,26,400,400,1.56,4.0,0.4056
541,c_10184,m_1897,453770,1,26,400,400,1.56,4.0,0.4056
542,c_10184,m_1897,454380,1,26,400,400,1.56,4.0,0.4056
543,c_10184,m_1897,454750,2,26,400,400,1.56,8.0,0.4056
544,c_10184,m_1897,455890,2,26,400,400,1.56,8.0,0.4056
545,c_10184,m_1897,456440,1,26,400,400,1.56,4.0,0.4056
546,c_10184,m_1897,457090,2,26,400,400,1.56,8.0,0.4056
547,c_10184,m_1897,457290,1,26,400,400,1.56,4.0,0.4056
548,c_10184,m_1897,458010,1,26,400,400,1.56,4.0,0.4056
549,c_10184,m_1897,459320,1,27,400,400,1.56,4.0,0.4212
550,c_10184,m_1897,459850,2,27,400,400,1.56,8.0,0.4212
551,c_10184,m_1897,461060,1,26,400,400,1.56,4.0,0.4056
552,c_10184,m_1897,461110,2,25,400,400,1.56,8.0,0.39
553,c_10184,m_1897,461470,2,26,400,400,1.56,8.0,0.4056
554,c_10184,m_1897,461520,1,26,400,400,1.56,4.0,0.4056
555,c_10184,m_1897,461990,1,26,400,400,1.56,4.0,0.4056
556,c_10184,m_1897,462030,1,26,400,400,1.56,4.0,0.4056
557,c_10184,m_1897,462910,2,26,400,400,1.56,8.0,0.4056
558,c_10184,m_1897,463840,1,26,400,400,1.56,4.0,0.4056
559,c_10184,m_1897,463960,1,26,400,400,1.56,4.0,0.4056
560,c_10184,m_1897,464320,1,26,400,400,1.56,4.0,0.4056
561,c_10184,m_1897,467730,1,26,400,400,1.56,4.0,0.4056
562,c_10184,m_1897,467810,1,26,400,400,1.56,4.0,0.4056
563,c_10184,m_1897,468300,1,26,400,400,1.56,4.0,0.4056
564,c_10184,m_1897,468650,1,26,400,400,1.56,4.0,0.4056
565,c_10184,m_1897,469870,2,26,400,400,1.56,8.0,0.4056
566,c_10184,m_1897,469990,2,26,400,400,1.56,8.0,0.4056
567,c_10184,m_1897,470550,1,26,400,400,1.56,4.0,0.4056
568,c_10184,m_1897,470690,1,26,400,400,1.56,4.0,0.4056
569,c_10184,m_1897,472770,1,26,400,400,1.56,4.0,0.4056
570,c_10184,m_1897,474420,1,27,400,400,1.56,4.0,0.4212
571,c_10184,m_1897,474950,1,27,400,400,1.56,4.0,0.4212
572,c_10184,m_1897,475230,1,27,400,400,1.56,4.0,0.4212
573,c_10184,m_1897,475900,1,27,400,400,1.56,4.0,0.4212
574,c_10184,m_1897,476400,1,27,400,400,1.56,4.0,0.4212
575,c_10184,m_1897,476510,1,27,400,400,1.56,4.0,0.4212
576,c_10184,m_1897,477380,1,27,400,400,1.56,4.0,0.4212
577,c_10184,m_1897,478240,1,27,400,400,1.56,4.0,0.4212
578,c_10184,m_1897,481020,1,27,400,400,1.56,4.0,0.4212
579,c_10184,m_1897,482200,1,27,400,400,1.56,4.0,0.4212
580,c_10184,m_1897,482660,1,27,400,400,1.56,4.0,0.4212
581,c_10184,m_1897,483810,1,27,400,400,1.56,4.0,0.4212
582,c_10184,m_1897,484110,1,27,400,400,1.56,4.0,0.4212
583,c_10184,m_1897,484880,1,27,400,400,1.56,4.0,0.4212
584,c_10184,m_1897,484900,1,27,400,400,1.56,4.0,0.4212
585,c_10184,m_1897,485480,1,27,400,400,1.56,4.0,0.4212
586,c_10184,m_1897,485570,1,27,400,400,1.56,4.0,0.4212
587,c_10184,m_1897,486160,1,27,400,400,1.56,4.0,0.4212
588,c_10184,m_1897,486540,1,27,400,400,1.56,4.0,0.4212
589,c_10184,m_1897,486900,1,27,400,400,1.56,4.0,0.4212
590,c_10184,m_1897,487130,1,27,400,400,1.56,4.0,0.4212
591,c_10184,m_1897,487390,2,27,400,400,1.56,8.0,0.4212
592,c_10184,m_1897,487760,1,27,400,400,1.56,4.0,0.4212
593,c_10184,m_1897,488380,1,27,400,400,1.56,4.0,0.4212
594,c_10184,m_1897,488830,2,27,400,400,1.56,8.0,0.4212
595,c_10184,m_1897,488850,1,27,400,400,1.56,4.0,0.4212
596,c_10184,m_1897,489030,1,27,400,400,1.56,4.0,0.4212
597,c_10184,m_1897,489540,1,28,400,400,1.56,4.0,0.4368
598,c_10184,m_1897,490570,2,27,400,400,1.56,8.0,0.4212
599,c_10184,m_1897,491000,1,28,400,400,1.56,4.0,0.4368
600,c_10184,m_1897,491410,2,28,400,400,1.56,8.0,0.4368
601,c_10184,m_1897,491480,1,28,400,400,1.56,4.0,0.4368
602,c_10184,m_1897,491720,1,28,400,400,1.56,4.0,0.4368
603,c_10184,m_1897,491820,1,28,400,400,1.56,4.0,0.4368
604,c_10184,m_1897,494200,1,28,400,400,1.56,4.0,0.4368
605,c_10184,m_1897,495040,1,28,400,400,1.56,4.0,0.4368
606,c_10184,m_1897,495200,1,28,400,400,1.56,4.0,0.4368
607,c_10184,m_1897,495300,1,28,400,400,1.56,4.0,0.4368
608,c_10184,m_1897,496050,1,28,400,400,1.56,4.0,0.4368
609,c_10184,m_1897,497060,1,28,400,400,1.56,4.0,0.4368
610,c_10184,m_1897,498730,2,27,400,400,1.56,8.0,0.4212
611,c_10184,m_1897,498790,2,27,400,400,1.56,8.0,0.4212
612,c_10184,m_1897,498900,1,27,400,400,1.56,4.0,0.4212
613,c_10184,m_1897,500300,1,27,400,400,1.56,4.0,0.4212
614,c_10184,m_1897,501230,1,27,400,400,1.56,4.0,0.4212
615,c_10184,m_1897,501650,1,27,400,400,1.56,4.0,0.4212
616,c_10184,m_1897,502520,1,27,400,400,1.56,4.0,0.4212
617,c_10184,m_1897,502950,1,27,400,400,1.56,4.0,0.4212
618,c_10184,m_1897,505470,1,27,400,400,1.56,4.0,0.4212
619,c_10184,m_1897,505620,1,27,400,400,1.56,4.0,0.4212
620,c_10184,m_1897,505810,2,27,400,400,1.56,8.0,0.4212
621,c_10184,m_1897,506190,1,27,400,400,1.56,4.0,0.4212
622,c_10184,m_1897,506710,2,27,400,400,1.56,8.0,0.4212
623,c_10184,m_1897,506820,1,27,400,400,1.56,4.0,0.4212
624,c_10184,m_1897,508020,1,27,400,400,1.56,4.0,0.4212
625,c_10184,m_1897,508120,1,28,400,400,1.56,4.0,0.4368
626,c_10184,m_1897,508590,1,27,400,400,1.56,4.0,0.4212
627,c_10184,m_1897,510060,1,28,400,400,1.56,4.0,0.4368
628,c_10184,m_1897,511870,2,27,400,400,1.56,8.0,0.4212
629,c_10184,m_1897,511960,1,27,400,400,1.56,4.0,0.4212
630,c_10184,m_1897,512460,1,27,400,400,1.56,4.0,0.4212
631,c_10184,m_1897,513610,2,27,400,400,1.56,8.0,0.4212
632,c_10184,m_1897,514400,1,27,400,400,1.56,4.0,0.4212
633,c_10184,m_1897,515230,2,28,400,400,1.56,8.0,0.4368
634,c_10184,m_1897,515400,1,28,400,400,1.56,4.0,0.4368
635,c_10184,m_1897,516320,1,28,400,400,1.56,4.0,0.4368
636,c_10184,m_1897,516920,1,28,400,400,1.56,4.0,0.4368
637,c_10184,m_1897,518100,1,28,400,400,1.56,4.0,0.4368
638,c_10184,m_1897,518170,2,28,400,400,1.56,8.0,0.4368
639,c_10184,m_1897,518200,1,28,400,400,1.56,4.0,0.4368
640,c_10184,m_1897,518870,1,28,400,400,1.56,4.0,0.4368
641,c_10184,m_1897,519280,1,28,400,400,1.56,4.0,0.4368
642,c_10184,m_1897,519810,1,28,400,400,1.56,4.0,0.4368
643,c_10184,m_1897,520460,1,28,400,400,1.56,4.0,0.4368
644,c_10184,m_1897,520530,1,28,400,400,1.56,4.0,0.4368
645,c_10184,m_1897,520590,1,28,400,400,1.56,4.0,0.4368
646,c_10184,m_1897,520640,1,28,400,400,1.56,4.0,0.4368
647,c_10184,m_1897,520750,2,28,400,400,1.56,8.0,0.4368
648,c_10184,m_1897,520930,2,28,400,400,1.56,8.0,0.4368
649,c_10184,m_1897,521140,1,28,400,400,1.56,4.0,0.4368
650,c_10184,m_1897,521900,1,28,400,400,1.56,4.0,0.4368
651,c_10184,m_1897,522980,1,28,400,400,1.56,4.0,0.4368
652,c_10184,m_1897,523170,1,28,400,400,1.56,4.0,0.4368
653,c_10184,m_1897,523770,1,28,400,400,1.56,4.0,0.4368
654,c_10184,m_1897,524400,1,29,400,400,1.56,4.0,0.4524
655,c_10184,m_1897,525730,2,28,400,400,1.56,8.0,0.4368
656,c_10184,m_1897,526070,1,29,400,400,1.56,4.0,0.4524
657,c_10184,m_1897,526380,1,28,400,400,1.56,4.0,0.4368
658,c_10184,m_1897,526570,2,28,400,400,1.56,8.0,0.4368
659,c_10184,m_1897,527260,1,29,400,400,1.56,4.0,0.4524
660,c_10184,m_1897,527310,1,29,400,400,1.56,4.0,0.4524
661,c_10184,m_1897,528330,1,29,400,400,1.56,4.0,0.4524
662,c_10184,m_1897,528570,1,29,400,400,1.56,4.0,0.4524
663,c_10184,m_1897,530090,1,29,400,400,1.56,4.0,0.4524
664,c_10184,m_1897,530910,1,29,400,400,1.56,4.0,0.4524
665,c_10184,m_1897,531660,1,29,400,400,1.56,4.0,0.4524
666,c_10184,m_1897,531910,2,29,400,400,1.56,8.0,0.4524
667,c_10184,m_1897,532070,1,29,400,400,1.56,4.0,0.4524
668,c_10184,m_1897,532610,1,29,400,400,1.56,4.0,0.4524
669,c_10184,m_1897,533110,2,29,400,400,1.56,8.0,0.4524
670,c_10184,m_1897,535860,1,28,400,400,1.56,4.0,0.4368
671,c_10184,m_1897,536290,2,28,400,400,1.56,8.0,0.4368
672,c_10184,m_1897,536420,1,28,400,400,1.56,4.0,0.4368
673,c_10184,m_1897,536550,1,28,400,400,1.56,4.0,0.4368
674,c_10184,m_1897,536840,1,28,400,400,1.56,4.0,0.4368
675,c_10184,m_1897,536980,1,28,400,400,1.56,4.0,0.4368
676,c_10184,m_1897,537900,1,28,400,400,1.56,4.0,0.4368
677,c_10184,m_1897,538240,1,28,400,400,1.56,4.0,0.4368
678,c_10184,m_1897,538480,1,28,400,400,1.56,4.0,0.4368
679,c_10184,m_1897,540920,1,28,400,400,1.56,4.0,0.4368
680,c_10184,m_1897,541470,1,28,400,400,1.56,4.0,0.4368
681,c_10184,m_1897,542350,2,28,400,400,1.56,8.0,0.4368
682,c_10184,m_1897,542530,2,28,400,400,1.56,8.0,0.4368
683,c_10184,m_1897,542830,2,28,400,400,1.56,8.0,0.4368
684,c_10184,m_1897,542910,1,28,400,400,1.56,4.0,0.4368
685,c_10184,m_1897,543370,2,28,400,400,1.56,8.0,0.4368
686,c_10184,m_1897,543570,1,28,400,400,1.56,4.0,0.4368
687,c_10184,m_1897,544460,1,28,400,400,1.56,4.0,0.4368
688,c_10184,m_1897,545080,1,28,400,400,1.56,4.0,0.4368
689,c_10184,m_1897,545640,1,28,400,400,1.56,4.0,0.4368
690,c_10184,m_1897,545760,1,28,400,400,1.56,4.0,0.4368
691,c_10184,m_1897,546740,1,28,400,400,1.56,4.0,0.4368
692,c_10184,m_1897,547360,1,28,400,400,1.56,4.0,0.4368
693,c_10184,m_1897,548900,1,28,400,400,1.56,4.0,0.4368
694,c_10184,m_1897,549950,1,28,400,400,1.56,4.0,0.4368
695,c_10184,m_1897,550090,2,28,400,400,1.56,8.0,0.4368
696,c_10184,m_1897,550150,2,28,400,400,1.56,8.0,0.4368
697,c_10184,m_1897,550960,1,29,400,400,1.56,4.0,0.4524
698,c_10184,m_1897,551370,1,12,400,400,1.56,4.0,0.1872
699,c_10184,m_1897,551880,1,12,400,400,1.56,4.0,0.1872
700,c_10184,m_1897,552600,1,12,400,400,1.56,4.0,0.1872
701,c_10184,m_1897,552750,1,12,400,400,1.56,4.0,0.1872
702,c_10184,m_1897,552830,1,12,400,400,1.56,4.0,0.1872
703,c_10184,m_1897,553540,1,13,400,400,1.56,4.0,0.2028
704,c_10184,m_1897,554650,2,12,400,400,1.56,8.0,0.1872
705,c_10184,m_1897,555380,1,12,400,400,1.56,4.0,0.1872
706,c_10184,m_1897,555860,1,13,400,400,1.56,4.0,0.2028
707,c_10184,m_1897,556910,1,13,400,400,1.56,4.0,0.2028
708,c_10184,m_1897,557660,1,13,400,400,1.56,4.0,0.2028
709,c_10184,m_1897,558780,1,9,400,400,1.56,4.0,0.1404
710,c_10184,m_1897,558990,1,9,400,400,1.56,4.0,0.1404
711,c_10184,m_1897,559180,1,9,400,400,1.56,4.0,0.1404
712,c_10184,m_1897,559430,1,9,400,400,1.56,4.0,0.1404
713,c_10184,m_1897,560590,2,9,400,400,1.56,8.0,0.1404
714,c_10184,m_1897,562450,2,9,400,400,1.56,8.0,0.1404
715,c_10184,m_1897,562900,1,9,400,400,1.56,4.0,0.1404
716,c_10184,m_1897,563100,1,9,400,400,1.56,4.0,0.1404
717,c_10184,m_1897,563410,2,9,400,400,1.56,8.0,0.1404
718,c_10184,m_1897,563570,1,9,400,400,1.56,4.0,0.1404
719,c_10184,m_1897,564810,1,9,400,400,1.56,4.0,0.1404
720,c_10184,m_1897,565750,2,9,400,400,1.56,8.0,0.1404
721,c_10184,m_1897,565930,2,10,400,400,1.56,8.0,0.156
722,c_10184,m_1897,566100,1,10,400,400,1.56,4.0,0.156
723,c_10184,m_1897,566330,1,9,400,400,1.56,4.0,0.1404
724,c_10184,m_1897,567070,2,10,400,400,1.56,8.0,0.156
725,c_10184,m_1897,567280,1,10,400,400,1.56,4.0,0.156
726,c_10184,m_1897,567680,1,10,400,400,1.56,4.0,0.156
727,c_10184,m_1897,568130,1,10,400,400,1.56,4.0,0.156
728,c_10184,m_1897,568390,2,10,400,400,1.56,8.0,0.156
729,c_10184,m_1897,571670,1,10,400,400,1.56,4.0,0.156
730,c_10184,m_1897,572530,2,10,400,400,1.56,8.0,0.156
731,c_10184,m_1897,572630,1,10,400,400,1.56,4.0,0.156
732,c_10184,m_1897,573670,2,10,400,400,1.56,8.0,0.156
733,c_10184,m_1897,573880,1,10,400,400,1.56,4.0,0.156
734,c_10184,m_1897,575270,1,10,400,400,1.56,4.0,0.156
735,c_10184,m_1897,575920,1,10,400,400,1.56,4.0,0.156
736,c_10184,m_1897,577400,1,10,400,400,1.56,4.0,0.156
737,c_10184,m_1897,577600,1,10,400,400,1.56,4.0,0.156
738,c_10184,m_1897,577910,1,10,400,400,1.56,4.0,0.156
739,c_10184,m_1897,578110,2,11,400,400,1.56,8.0,0.1716
740,c_10184,m_1897,580970,1,11,400,400,1.56,4.0,0.1716
741,c_10184,m_1897,581470,2,11,400,400,1.56,8.0,0.1716
742,c_10184,m_1897,581700,1,11,400,400,1.56,4.0,0.1716
743,c_10184,m_1897,582960,1,11,400,400,1.56,4.0,0.1716
744,c_10184,m_1897,583010,1,11,400,400,1.56,4.0,0.1716
745,c_10184,m_1897,583180,1,11,400,400,1.56,4.0,0.1716
746,c_10184,m_1897,583380,2,12,400,400,1.56,8.0,0.1872
747,c_10184,m_1897,583450,2,12,400,400,1.56,8.0,0.1872
748,c_10184,m_1897,584540,1,11,400,400,1.56,4.0,0.1716
749,c_10184,m_1897,584970,1,12,400,400,1.56,4.0,0.1872
750,c_10184,m_1897,584990,1,12,400,400,1.56,4.0,0.1872
751,c_10184,m_1897,585790,2,12,400,400,1.56,8.0,0.1872
752,c_10184,m_1897,587290,2,12,400,400,1.56,8.0,0.1872
753,c_10184,m_1897,587330,1,12,400,400,1.56,4.0,0.1872
754,c_10184,m_1897,587380,1,12,400,400,1.56,4.0,0.1872
755,c_10184,m_1897,587910,1,12,400,400,1.56,4.0,0.1872
756,c_10184,m_1897,590170,2,12,400,400,1.56,8.0,0.1872
757,c_10184,m_1897,591370,2,12,400,400,1.56,8.0,0.1872
758,c_10184,m_1897,592180,1,12,400,400,1.56,4.0,0.1872
759,c_10184,m_1897,592290,1,12,400,400,1.56,4.0,0.1872
760,c_10184,m_1897,592980,1,12,400,400,1.56,4.0,0.1872
761,c_10184,m_1897,593160,1,12,400,400,1.56,4.0,0.1872
762,c_10184,m_1897,593180,1,12,400,400,1.56,4.0,0.1872
763,c_10184,m_1897,593230,2,12,400,400,1.56,8.0,0.1872
764,c_10184,m_1897,596750,1,12,400,400,1.56,4.0,0.1872
765,c_10184,m_1897,596880,2,12,400,400,1.56,8.0,0.1872
766,c_10184,m_1897,596960,1,13,400,400,1.56,4.0,0.2028
767,c_10184,m_1897,597510,1,13,400,400,1.56,4.0,0.2028
768,c_10184,m_1897,598460,1,13,400,400,1.56,4.0,0.2028
769,c_10184,m_1897,600920,1,13,400,400,1.56,4.0,0.2028
770,c_10184,m_1897,601330,2,13,400,400,1.56,8.0,0.2028
771,c_10184,m_1897,602260,1,13,400,400,1.56,4.0,0.2028
772,c_10184,m_1897,602700,1,13,400,400,1.56,4.0,0.2028
773,c_10184,m_1897,603770,1,13,400,400,1.56,4.0,0.2028
774,c_10184,m_1897,603800,1,13,400,400,1.56,4.0,0.2028
775,c_10184,m_1897,604050,1,13,400,400,1.56,4.0,0.2028
776,c_10184,m_1897,605010,1,13,400,400,1.56,4.0,0.2028
777,c_10184,m_1897,605560,1,13,400,400,1.56,4.0,0.2028
778,c_10184,m_1897,605580,1,13,400,400,1.56,4.0,0.2028
779,c_10184,m_1897,606670,2,13,400,400,1.56,8.0,0.2028
780,c_10184,m_1897,607020,1,13,400,400,1.56,4.0,0.2028
781,c_10184,m_1897,607520,1,13,400,400,1.56,4.0,0.2028
782,c_10184,m_1897,607580,1,13,400,400,1.56,4.0,0.2028
783,c_10184,m_1897,607710,1,14,400,400,1.56,4.0,0.2184
784,c_10184,m_1897,608340,1,14,400,400,1.56,4.0,0.2184
785,c_10184,m_1897,608810,1,14,400,400,1.56,4.0,0.2184
786,c_10184,m_1897,609280,1,14,400,400,1.56,4.0,0.2184
787,c_10184,m_1897,609360,1,14,400,400,1.56,4.0,0.2184
788,c_10184,m_1897,609800,1,14,400,400,1.56,4.0,0.2184
789,c_10184,m_1897,610140,1,14,400,400,1.56,4.0,0.2184
790,c_10184,m_1897,611290,3,14,400,400,1.56,12.0,0.2184
791,c_10184,m_1897,613590,1,14,400,400,1.56,4.0,0.2184
792,c_10184,m_1897,613650,1,14,400,400,1.56,4.0,0.2184
793,c_10184,m_1897,613990,2,14,400,400,1.56,8.0,0.2184
794,c_10184,m_1897,616010,1,14,400,400,1.56,4.0,0.2184
795,c_10184,m_1897,616710,1,14,400,400,1.56,4.0,0.2184
796,c_10184,m_1897,617100,1,14,400,400,1.56,4.0,0.2184
797,c_10184,m_1897,618550,2,14,400,400,1.56,8.0,0.2184
798,c_10184,m_1897,619260,1,14,400,400,1.56,4.0,0.2184
799,c_10184,m_1897,620640,1,14,400,400,1.56,4.0,0.2184
800,c_10184,m_1897,620650,2,14,400,400,1.56,8.0,0.2184
801,c_10184,m_1897,620850,1,14,400,400,1.56,4.0,0.2184
802,c_10184,m_1897,621670,2,14,400,400,1.56,8.0,0.2184
803,c_10184,m_1897,621790,2,14,400,400,1.56,8.0,0.2184
804,c_10184,m_1897,622390,2,14,400,400,1.56,8.0,0.2184
805,c_10184,m_1897,622430,1,15,400,400,1.56,4.0,0.234
806,c_10184,m_1897,622580,1,14,400,400,1.56,4.0,0.2184
807,c_10184,m_1897,622980,1,14,400,400,1.56,4.0,0.2184
808,c_10184,m_1897,623470,2,14,400,400,1.56,8.0,0.2184
809,c_10184,m_1897,625360,1,15,400,400,1.56,4.0,0.234
810,c_10184,m_1897,627210,1,15,400,400,1.56,4.0,0.234
811,c_10184,m_1897,627360,1,15,400,400,1.56,4.0,0.234
812,c_10184,m_1897,627910,2,15,400,400,1.56,8.0,0.234
813,c_10184,m_1897,629070,1,15,400,400,1.56,4.0,0.234
814,c_10184,m_1897,630780,1,14,400,400,1.56,4.0,0.2184
815,c_10184,m_1897,630850,2,14,400,400,1.56,8.0,0.2184
816,c_10184,m_1897,631490,1,14,400,400,1.56,4.0,0.2184
817,c_10184,m_1897,631660,1,14,400,400,1.56,4.0,0.2184
818,c_10184,m_1897,632250,1,14,400,400,1.56,4.0,0.2184
819,c_10184,m_1897,633120,1,14,400,400,1.56,4.0,0.2184
820,c_10184,m_1897,633380,1,14,400,400,1.56,4.0,0.2184
821,c_10184,m_1897,634050,1,14,400,400,1.56,4.0,0.2184
822,c_10184,m_1897,634710,1,14,400,400,1.56,4.0,0.2184
823,c_10184,m_1897,634730,1,14,400,400,1.56,4.0,0.2184
824,c_10184,m_1897,635000,1,14,400,400,1.56,4.0,0.2184
825,c_10184,m_1897,637700,1,14,400,400,1.56,4.0,0.2184
826,c_10184,m_1897,637790,1,15,400,400,1.56,4.0,0.234
827,c_10184,m_1897,640800,2,15,400,400,1.56,8.0,0.234
828,c_10184,m_1897,643030,2,15,400,400,1.56,8.0,0.234
829,c_10184,m_1897,643680,2,14,400,400,1.56,8.0,0.2184
830,c_10184,m_1897,644280,1,14,400,400,1.56,4.0,0.2184
831,c_10184,m_1897,644520,1,15,400,400,1.56,4.0,0.234
832,c_10184,m_1897,644650,2,15,400,400,1.56,8.0,0.234
833,c_10184,m_1897,644900,1,15,400,400,1.56,4.0,0.234
834,c_10184,m_1897,646860,2,15,400,400,1.56,8.0,0.234
835,c_10184,m_1897,647460,1,15,400,400,1.56,4.0,0.234
836,c_10184,m_1897,647520,1,15,400,400,1.56,4.0,0.234
837,c_10184,m_1897,648800,1,15,400,400,1.56,4.0,0.234
838,c_10184,m_1897,649540,1,15,400,400,1.56,4.0,0.234
