,time,pod_name,mean_cpu_usage_nanocores,mean_memory_working_set_bytes
2000,1681099200000000000,body-az2-prd-f864b8c88-4sqz6,13248642.691666666,840048059.7333333
2001,1681095600000000000,body-az2-prd-f864b8c88-4sqz6,18533783.258333333,852086613.3333334
2002,1681092000000000000,body-az2-prd-f864b8c88-4sqz6,17209672.891666666,845673472.0
2003,1681088400000000000,body-az2-prd-f864b8c88-4sqz6,14470657.95,842123400.5333333
2004,1681084800000000000,body-az2-prd-f864b8c88-4sqz6,16802066.491666667,846971938.1333333
2005,1681081200000000000,body-az2-prd-f864b8c88-4sqz6,33010533.15,877494510.9333333
2006,1681077600000000000,body-az2-prd-f864b8c88-4sqz6,34589190.7,876753920.0
2007,1681074000000000000,body-az2-prd-f864b8c88-4sqz6,22869461.591666665,846802705.0666667
2008,1681070400000000000,body-az2-prd-f864b8c88-4sqz6,12371828.225,838560221.8666667
2009,1681066800000000000,body-az2-prd-f864b8c88-4sqz6,5252343.483333333,819049847.4666667
2010,1681063200000000000,body-az2-prd-f864b8c88-4sqz6,3848137.933333333,810605772.8
2011,1681059600000000000,body-az2-prd-f864b8c88-4sqz6,4293427.658333333,813494784.0
2012,1681056000000000000,body-az2-prd-f864b8c88-4sqz6,4921822.516666667,818147054.9333333
2013,1681052400000000000,body-az2-prd-f864b8c88-4sqz6,4935315.333333333,817850368.0
2014,1681048800000000000,body-az2-prd-f864b8c88-4sqz6,7543541.558333334,824224256.0
2015,1681045200000000000,body-az2-prd-f864b8c88-4sqz6,10718319.75630252,836661282.420168
2016,1681041600000000000,body-az2-prd-f864b8c88-4sqz6,14176513.033333331,837898786.1333333
2017,1681038000000000000,body-az2-prd-f864b8c88-4sqz6,15313968.75,840902417.0666667
2018,1681034400000000000,body-az2-prd-f864b8c88-4sqz6,16678189.45,840382737.0666667
2019,1681030800000000000,body-az2-prd-f864b8c88-4sqz6,17756117.591666665,845328691.2
2020,1681027200000000000,body-az2-prd-f864b8c88-4sqz6,21011289.016666666,849306555.7333333
2021,1681023600000000000,body-az2-prd-f864b8c88-4sqz6,19847050.708333332,846813934.9333333
2022,1681020000000000000,body-az2-prd-f864b8c88-4sqz6,20899442.775,849636078.9333333
2023,1681016400000000000,body-az2-prd-f864b8c88-4sqz6,21565252.875,852201745.0666667
2024,1681012800000000000,body-az2-prd-f864b8c88-4sqz6,23965813.333333332,851628236.8
2025,1681009200000000000,body-az2-prd-f864b8c88-4sqz6,22368897.616666667,850372027.7333333
2026,1681005600000000000,body-az2-prd-f864b8c88-4sqz6,18976647.583333332,848820906.6666666
2027,1681002000000000000,body-az2-prd-f864b8c88-4sqz6,20063996.258333333,853137885.8666667
2028,1680998400000000000,body-az2-prd-f864b8c88-4sqz6,18418854.408333335,844368486.4
2029,1680994800000000000,body-az2-prd-f864b8c88-4sqz6,14633175.908333331,843898504.5333333
2030,1680991200000000000,body-az2-prd-f864b8c88-4sqz6,13202507.283333331,840725333.3333334
2031,1680987600000000000,body-az2-prd-f864b8c88-4sqz6,9808521.641666668,830110788.2666667
2032,1680984000000000000,body-az2-prd-f864b8c88-4sqz6,7542838.008333334,824661060.2666667
2033,1680980400000000000,body-az2-prd-f864b8c88-4sqz6,4888452.641666667,817847705.6
2034,1680976800000000000,body-az2-prd-f864b8c88-4sqz6,4490677.558333334,817104145.0666667
2035,1680973200000000000,body-az2-prd-f864b8c88-4sqz6,5650232.158333333,822412970.6666666
2036,1680969600000000000,body-az2-prd-f864b8c88-4sqz6,5641511.441666666,820958173.8666667
2037,1680966000000000000,body-az2-prd-f864b8c88-4sqz6,7174995.816666666,824816503.4666667
2038,1680962400000000000,body-az2-prd-f864b8c88-4sqz6,9704485.608333332,829395729.0666667
2039,1680958800000000000,body-az2-prd-f864b8c88-4sqz6,11484046.466666669,831927159.4666667
2040,1680955200000000000,body-az2-prd-f864b8c88-4sqz6,15097288.175,840522035.2
2041,1680951600000000000,body-az2-prd-f864b8c88-4sqz6,17861485.666666668,846719590.4
2042,1680948000000000000,body-az2-prd-f864b8c88-4sqz6,21961079.116666667,844568337.0666667
2043,1680944400000000000,body-az2-prd-f864b8c88-4sqz6,21897083.775,847279513.6
2044,1680940800000000000,body-az2-prd-f864b8c88-4sqz6,23001509.841666665,850920584.5333333
2045,1680937200000000000,body-az2-prd-f864b8c88-4sqz6,22283403.108333334,845428940.8
2046,1680933600000000000,body-az2-prd-f864b8c88-4sqz6,21683499.533333335,847461034.6666666
2047,1680930000000000000,body-az2-prd-f864b8c88-4sqz6,20089545.183333337,849487086.9333333
2048,1680926400000000000,body-az2-prd-f864b8c88-4sqz6,20321225.458333332,851522867.2
2049,1680922800000000000,body-az2-prd-f864b8c88-4sqz6,22663235.783333335,854927052.8
2050,1680919200000000000,body-az2-prd-f864b8c88-4sqz6,22625811.391666666,855666892.8
2051,1680915600000000000,body-az2-prd-f864b8c88-4sqz6,24200193.7,854878037.3333334
2052,1680912000000000000,body-az2-prd-f864b8c88-4sqz6,23548911.216666665,850323933.8666667
2053,1680908400000000000,body-az2-prd-f864b8c88-4sqz6,20223937.575,847249954.1333333
2054,1680904800000000000,body-az2-prd-f864b8c88-4sqz6,17454082.791666668,843953766.4
2055,1680901200000000000,body-az2-prd-f864b8c88-4sqz6,13575693.4,835219899.7333333
2056,1680897600000000000,body-az2-prd-f864b8c88-4sqz6,7977505.0,827617689.6
2057,1680894000000000000,body-az2-prd-f864b8c88-4sqz6,7026290.85,820894890.6666666
2058,1680890400000000000,body-az2-prd-f864b8c88-4sqz6,4166128.3,817829444.2666667
2059,1680886800000000000,body-az2-prd-f864b8c88-4sqz6,4900149.575,816784281.6
2060,1680883200000000000,body-az2-prd-f864b8c88-4sqz6,6000915.783333333,821611315.2
2061,1680879600000000000,body-az2-prd-f864b8c88-4sqz6,8380016.8,830428672.0
2062,1680876000000000000,body-az2-prd-f864b8c88-4sqz6,9967163.183333334,828175598.9333333
2063,1680872400000000000,body-az2-prd-f864b8c88-4sqz6,10578732.183333334,837777817.6
2064,1680868800000000000,body-az2-prd-f864b8c88-4sqz6,15274764.041666666,841106602.6666666
2065,1680865200000000000,body-az2-prd-f864b8c88-4sqz6,18937985.2,841384755.2
2066,1680861600000000000,body-az2-prd-f864b8c88-4sqz6,20469404.925,848374408.5333333
2067,1680858000000000000,body-az2-prd-f864b8c88-4sqz6,24442663.7,852774707.2
2068,1680854400000000000,body-az2-prd-f864b8c88-4sqz6,25621546.25,854505710.9333333
2069,1680850800000000000,body-az2-prd-f864b8c88-4sqz6,20100363.808333337,849804014.9333333
2070,1680847200000000000,body-az2-prd-f864b8c88-4sqz6,15794096.366666667,842465348.2666667
2071,1680843600000000000,body-az2-prd-f864b8c88-4sqz6,18045055.458333332,845179494.4
2072,1680840000000000000,body-az2-prd-f864b8c88-4sqz6,17715074.816666666,849052398.9333333
2073,1680836400000000000,body-az2-prd-f864b8c88-4sqz6,19091897.566666663,848841011.2
2074,1680832800000000000,body-az2-prd-f864b8c88-4sqz6,15391466.7,840817595.7333333
2075,1680829200000000000,body-az2-prd-f864b8c88-4sqz6,16598931.075,842321442.1333333
2076,1680825600000000000,body-az2-prd-f864b8c88-4sqz6,19551983.916666668,844572330.6666666
2077,1680822000000000000,body-az2-prd-f864b8c88-4sqz6,31103169.883333333,861376000.0
2078,1680818400000000000,body-az2-prd-f864b8c88-4sqz6,32338352.566666663,860751940.2666667
2079,1680814800000000000,body-az2-prd-f864b8c88-4sqz6,21766502.708333332,844333260.8
2080,1680811200000000000,body-az2-prd-f864b8c88-4sqz6,11796499.141666668,824857258.6666666
2081,1680807600000000000,body-az2-prd-f864b8c88-4sqz6,6126124.591666667,823914427.7333333
2082,1680804000000000000,body-az2-prd-f864b8c88-4sqz6,4034992.95,810692403.2
2083,1680800400000000000,body-az2-prd-f864b8c88-4sqz6,4541787.966666667,814281147.7333333
2084,1680796800000000000,body-az2-prd-f864b8c88-4sqz6,4639343.825,816946688.0
2085,1680793200000000000,body-az2-prd-f864b8c88-4sqz6,6948378.141666667,823320132.2666667
2086,1680789600000000000,body-az2-prd-f864b8c88-4sqz6,10126844.258333333,831501448.5333333
2087,1680786000000000000,body-az2-prd-f864b8c88-4sqz6,12758343.416666666,834045644.8
2088,1680782400000000000,body-az2-prd-f864b8c88-4sqz6,14959397.533333331,836069068.8
2089,1680778800000000000,body-az2-prd-f864b8c88-4sqz6,18918246.383333333,844091938.1333333
2090,1680775200000000000,body-az2-prd-f864b8c88-4sqz6,20514874.558333337,848510020.2666667
2091,1680771600000000000,body-az2-prd-f864b8c88-4sqz6,26466049.25,864552448.0
2092,1680768000000000000,body-az2-prd-f864b8c88-4sqz6,28214973.65,863188923.7333333
2093,1680764400000000000,body-az2-prd-f864b8c88-4sqz6,19880326.441666663,845664426.6666666
2094,1680760800000000000,body-az2-prd-f864b8c88-4sqz6,16350679.283333331,842418585.6
2095,1680757200000000000,body-az2-prd-f864b8c88-4sqz6,13882410.45,839611972.2666667
2096,1680753600000000000,body-az2-prd-f864b8c88-4sqz6,16799351.35,845576669.8666667
2097,1680750000000000000,body-az2-prd-f864b8c88-4sqz6,20155399.608333334,852402176.0
2098,1680746400000000000,body-az2-prd-f864b8c88-4sqz6,18644376.875,843815799.4666667
2099,1680742800000000000,body-az2-prd-f864b8c88-4sqz6,14189966.275,838882816.0
2100,1680739200000000000,body-az2-prd-f864b8c88-4sqz6,18144246.916666668,841385540.2666667
2101,1680735600000000000,body-az2-prd-f864b8c88-4sqz6,30630194.991666667,862104678.4
2102,1680732000000000000,body-az2-prd-f864b8c88-4sqz6,33156315.533333335,871513053.8666667
2103,1680728400000000000,body-az2-prd-f864b8c88-4sqz6,20293637.241666667,845879739.7333333
2104,1680724800000000000,body-az2-prd-f864b8c88-4sqz6,10100217.65,834687931.7333333
2105,1680721200000000000,body-az2-prd-f864b8c88-4sqz6,6523009.441666666,819712512.0
2106,1680717600000000000,body-az2-prd-f864b8c88-4sqz6,4504630.475,817896379.7333333
2107,1680714000000000000,body-az2-prd-f864b8c88-4sqz6,4094399.425,807191552.0
2108,1680710400000000000,body-az2-prd-f864b8c88-4sqz6,4562801.333333333,815024503.4666667
2109,1680706800000000000,body-az2-prd-f864b8c88-4sqz6,6587706.141666667,823000814.9333333
2110,1680703200000000000,body-az2-prd-f864b8c88-4sqz6,8954258.033333333,829101090.1333333
2111,1680699600000000000,body-az2-prd-f864b8c88-4sqz6,10434843.325,830260599.4666667
2112,1680696000000000000,body-az2-prd-f864b8c88-4sqz6,14581029.616666667,835779106.1333333
2113,1680692400000000000,body-az2-prd-f864b8c88-4sqz6,17299658.508333333,845411464.5333333
2114,1680688800000000000,body-az2-prd-f864b8c88-4sqz6,17093039.225,841561429.3333334
2115,1680685200000000000,body-az2-prd-f864b8c88-4sqz6,26230949.175,856541422.9333333
2116,1680681600000000000,body-az2-prd-f864b8c88-4sqz6,26858582.15,854057335.4666667
2117,1680678000000000000,body-az2-prd-f864b8c88-4sqz6,22420146.766666666,846207726.9333333
2118,1680674400000000000,body-az2-prd-f864b8c88-4sqz6,15562709.7,842641885.8666667
2119,1680670800000000000,body-az2-prd-f864b8c88-4sqz6,15955907.516666668,844170581.3333334
2120,1680667200000000000,body-az2-prd-f864b8c88-4sqz6,16325075.966666669,844501265.0666667
2121,1680663600000000000,body-az2-prd-f864b8c88-4sqz6,17897038.75,844591069.8666667
2122,1680660000000000000,body-az2-prd-f864b8c88-4sqz6,14462715.516666668,838565853.8666667
2123,1680656400000000000,body-az2-prd-f864b8c88-4sqz6,16416287.441666666,846046958.9333333
2124,1680652800000000000,body-az2-prd-f864b8c88-4sqz6,22738222.941666663,847527458.1333333
2125,1680649200000000000,body-az2-prd-f864b8c88-4sqz6,34210045.583333336,872768546.1333333
2126,1680645600000000000,body-az2-prd-f864b8c88-4sqz6,34198050.36666667,867902054.4
2127,1680642000000000000,body-az2-prd-f864b8c88-4sqz6,17110994.616666667,841990621.8666667
2128,1680638400000000000,body-az2-prd-f864b8c88-4sqz6,9509607.05,829551138.1333333
2129,1680634800000000000,body-az2-prd-f864b8c88-4sqz6,7301915.683333334,823090039.4666667
2130,1680631200000000000,body-az2-prd-f864b8c88-4sqz6,4383375.816666666,816341333.3333334
2131,1680627600000000000,body-az2-prd-f864b8c88-4sqz6,4780528.841666667,814310570.6666666
2132,1680624000000000000,body-az2-prd-f864b8c88-4sqz6,5046581.408333333,815287978.6666666
2133,1680620400000000000,body-az2-prd-f864b8c88-4sqz6,6692672.716666667,820580966.4
2134,1680616800000000000,body-az2-prd-f864b8c88-4sqz6,8622722.158333333,828260898.1333333
2135,1680613200000000000,body-az2-prd-f864b8c88-4sqz6,12373914.133333333,834122854.4
2136,1680609600000000000,body-az2-prd-f864b8c88-4sqz6,15130628.825,843341892.2666667
2137,1680606000000000000,body-az2-prd-f864b8c88-4sqz6,19486775.025,846279372.8
2138,1680602400000000000,body-az2-prd-f864b8c88-4sqz6,21220547.225,847217527.4666667
2139,1680598800000000000,body-az2-prd-f864b8c88-4sqz6,25775843.058333337,856261495.4666667
2140,1680595200000000000,body-az2-prd-f864b8c88-4sqz6,27777548.083333332,857971029.3333334
2141,1680591600000000000,body-az2-prd-f864b8c88-4sqz6,15534434.6,843970321.0666667
2142,1680588000000000000,body-az2-prd-f864b8c88-4sqz6,16286882.258333333,842647790.9333333
2143,1680584400000000000,body-az2-prd-f864b8c88-4sqz6,14233498.441666666,847209813.3333334
2144,1680580800000000000,body-az2-prd-f864b8c88-4sqz6,16077946.183333334,844357324.8
2145,1680577200000000000,body-az2-prd-f864b8c88-4sqz6,20134633.658333335,847347780.2666667
2146,1680573600000000000,body-az2-prd-f864b8c88-4sqz6,15015698.425,841856785.0666667
2147,1680570000000000000,body-az2-prd-f864b8c88-4sqz6,13454726.15,839852066.1333333
2148,1680566400000000000,body-az2-prd-f864b8c88-4sqz6,17300292.516666666,843506312.5333333
2149,1680562800000000000,body-az2-prd-f864b8c88-4sqz6,27750568.2,863025664.0
2150,1680559200000000000,body-az2-prd-f864b8c88-4sqz6,32349365.791666668,871103078.4
2151,1680555600000000000,body-az2-prd-f864b8c88-4sqz6,20557244.75,844091801.6
2152,1680552000000000000,body-az2-prd-f864b8c88-4sqz6,9775176.908333331,827534404.2666667
2153,1680548400000000000,body-az2-prd-f864b8c88-4sqz6,6639402.325,823709866.6666666
2154,1680544800000000000,body-az2-prd-f864b8c88-4sqz6,3859325.1083333334,808400384.0
2155,1680541200000000000,body-az2-prd-f864b8c88-4sqz6,4076145.841666667,806629410.1333333
2156,1680537600000000000,body-az2-prd-f864b8c88-4sqz6,4600438.15,814229094.4
2157,1680534000000000000,body-az2-prd-f864b8c88-4sqz6,5170434.891666667,821443208.5333333
2158,1680530400000000000,body-az2-prd-f864b8c88-4sqz6,7832268.158333333,827540582.4
2159,1680526800000000000,body-az2-prd-f864b8c88-4sqz6,12632255.108333332,835670971.7333333
2160,1680523200000000000,body-az2-prd-f864b8c88-4sqz6,14689014.025,836583082.6666666
2161,1680519600000000000,body-az2-prd-f864b8c88-4sqz6,18247400.6,845350707.2
2162,1680516000000000000,body-az2-prd-f864b8c88-4sqz6,22575812.7,848494523.7333333
2163,1680512400000000000,body-az2-prd-f864b8c88-4sqz6,23875357.225,854676377.6
2164,1680508800000000000,body-az2-prd-f864b8c88-4sqz6,27334850.208333332,855255859.2
2165,1680505200000000000,body-az2-prd-f864b8c88-4sqz6,18950606.35,843561130.6666666
2166,1680501600000000000,body-az2-prd-f864b8c88-4sqz6,16071338.158333331,843787707.7333333
2167,1680498000000000000,body-az2-prd-f864b8c88-4sqz6,16588703.108333332,843031654.4
2168,1680494400000000000,body-az2-prd-f864b8c88-4sqz6,14922415.016666668,845066137.6
2169,1680490800000000000,body-az2-prd-f864b8c88-4sqz6,18666454.325,850335914.6666666
2170,1680487200000000000,body-az2-prd-f864b8c88-4sqz6,14545369.383333333,845394807.4666667
2171,1680483600000000000,body-az2-prd-f864b8c88-4sqz6,16075750.15,843136170.6666666
2172,1680480000000000000,body-az2-prd-f864b8c88-4sqz6,18102639.366666667,846076416.0
2173,1680476400000000000,body-az2-prd-f864b8c88-4sqz6,29113561.691666663,865432644.2666667
2174,1680472800000000000,body-az2-prd-f864b8c88-4sqz6,34068736.541666664,875292262.4
2175,1680469200000000000,body-az2-prd-f864b8c88-4sqz6,22836864.85,846639718.4
2176,1680465600000000000,body-az2-prd-f864b8c88-4sqz6,11040346.133333333,832467831.4666667
2177,1680462000000000000,body-az2-prd-f864b8c88-4sqz6,6190720.508333334,817707008.0
2178,1680458400000000000,body-az2-prd-f864b8c88-4sqz6,4220002.358333333,813665075.2
2179,1680454800000000000,body-az2-prd-f864b8c88-4sqz6,3512020.225,806385049.6
2180,1680451200000000000,body-az2-prd-f864b8c88-4sqz6,5101003.958333333,810313386.6666666
2181,1680447600000000000,body-az2-prd-f864b8c88-4sqz6,6386805.866666666,820324556.8
2182,1680444000000000000,body-az2-prd-f864b8c88-4sqz6,7840492.125,822271214.9333333
2183,1680440400000000000,body-az2-prd-f864b8c88-4sqz6,11570335.733333332,832238967.4666667
2184,1680436800000000000,body-az2-prd-f864b8c88-4sqz6,13320901.283333331,838989585.0666667
2185,1680433200000000000,body-az2-prd-f864b8c88-4sqz6,15982686.408333331,841086737.0666667
2186,1680429600000000000,body-az2-prd-f864b8c88-4sqz6,19684256.825,850345710.9333333
2187,1680426000000000000,body-az2-prd-f864b8c88-4sqz6,20043724.841666665,846834858.6666666
2188,1680422400000000000,body-az2-prd-f864b8c88-4sqz6,23224675.983333334,850315878.4
2189,1680418800000000000,body-az2-prd-f864b8c88-4sqz6,23046565.491666667,856547976.5333333
2190,1680415200000000000,body-az2-prd-f864b8c88-4sqz6,21543319.083333332,850630348.8
2191,1680411600000000000,body-az2-prd-f864b8c88-4sqz6,24041809.958333332,850448213.3333334
2192,1680408000000000000,body-az2-prd-f864b8c88-4sqz6,24433908.675,869210589.8666667
2193,1680404400000000000,body-az2-prd-f864b8c88-4sqz6,23641839.366666667,855275895.4666667
2194,1680400800000000000,body-az2-prd-f864b8c88-4sqz6,22335622.85,849037448.5333333
2195,1680397200000000000,body-az2-prd-f864b8c88-4sqz6,19382350.891666666,852312473.6
2196,1680393600000000000,body-az2-prd-f864b8c88-4sqz6,17990489.466666665,850806784.0
2197,1680390000000000000,body-az2-prd-f864b8c88-4sqz6,14787793.666666666,837198028.8
2198,1680386400000000000,body-az2-prd-f864b8c88-4sqz6,11754340.891666668,828417774.9333333
2199,1680382800000000000,body-az2-prd-f864b8c88-4sqz6,9847598.541666666,827368755.2
2200,1680379200000000000,body-az2-prd-f864b8c88-4sqz6,6764058.441666666,822036923.7333333
2201,1680375600000000000,body-az2-prd-f864b8c88-4sqz6,5690752.183333334,815472162.1333333
2202,1680372000000000000,body-az2-prd-f864b8c88-4sqz6,3827058.8333333335,809221597.8666667
2203,1680368400000000000,body-az2-prd-f864b8c88-4sqz6,4539646.983333333,814539639.4666667
2204,1680364800000000000,body-az2-prd-f864b8c88-4sqz6,5703758.391666667,819998856.5333333
2205,1680361200000000000,body-az2-prd-f864b8c88-4sqz6,8952794.2,829014664.5333333
2206,1680357600000000000,body-az2-prd-f864b8c88-4sqz6,9256777.666666666,831887257.6
2207,1680354000000000000,body-az2-prd-f864b8c88-4sqz6,10558046.75,835748113.0666667
2208,1680350400000000000,body-az2-prd-f864b8c88-4sqz6,16580613.708333334,843552665.6
2209,1680346800000000000,body-az2-prd-f864b8c88-4sqz6,15445793.733333332,839627844.2666667
2210,1680343200000000000,body-az2-prd-f864b8c88-4sqz6,19220853.533333335,845031185.0666667
2211,1680339600000000000,body-az2-prd-f864b8c88-4sqz6,21755543.041666668,854281181.8666667
2212,1680336000000000000,body-az2-prd-f864b8c88-4sqz6,24704960.375,855972420.2666667
2213,1680332400000000000,body-az2-prd-f864b8c88-4sqz6,21250593.775,849796403.2
2214,1680328800000000000,body-az2-prd-f864b8c88-4sqz6,23286133.758333333,855124070.4
2215,1680325200000000000,body-az2-prd-f864b8c88-4sqz6,23139396.9,855335082.6666666
2216,1680321600000000000,body-az2-prd-f864b8c88-4sqz6,26708519.475,856695296.0
2217,1680318000000000000,body-az2-prd-f864b8c88-4sqz6,24137726.15,851378312.5333333
2218,1680314400000000000,body-az2-prd-f864b8c88-4sqz6,26180431.5,858259933.8666667
2219,1680310800000000000,body-az2-prd-f864b8c88-4sqz6,22533040.15,854486493.8666667
2220,1680307200000000000,body-az2-prd-f864b8c88-4sqz6,22552631.591666665,848845038.9333333
2221,1680303600000000000,body-az2-prd-f864b8c88-4sqz6,20333431.383333333,847988224.0
2222,1680300000000000000,body-az2-prd-f864b8c88-4sqz6,18181384.583333332,846767650.1333333
2223,1680296400000000000,body-az2-prd-f864b8c88-4sqz6,12728877.275,834719982.9333333
2224,1680292800000000000,body-az2-prd-f864b8c88-4sqz6,8850372.55,826167227.7333333
2225,1680289200000000000,body-az2-prd-f864b8c88-4sqz6,5998145.433333334,818429917.8666667
2226,1680285600000000000,body-az2-prd-f864b8c88-4sqz6,4553023.25,810495488.0
2227,1680282000000000000,body-az2-prd-f864b8c88-4sqz6,4686960.341666667,818641339.7333333
2228,1680278400000000000,body-az2-prd-f864b8c88-4sqz6,6361944.666666667,817005465.6
2229,1680274800000000000,body-az2-prd-f864b8c88-4sqz6,7664540.4,827242973.8666667
2230,1680271200000000000,body-az2-prd-f864b8c88-4sqz6,10289754.925,831752123.7333333
2231,1680267600000000000,body-az2-prd-f864b8c88-4sqz6,13106224.166666666,834063974.4
2232,1680264000000000000,body-az2-prd-f864b8c88-4sqz6,16441833.958333334,842053597.8666667
2233,1680260400000000000,body-az2-prd-f864b8c88-4sqz6,18191875.2,848808140.8
2234,1680256800000000000,body-az2-prd-f864b8c88-4sqz6,22277833.975,850416264.5333333
2235,1680253200000000000,body-az2-prd-f864b8c88-4sqz6,25137799.458333332,854574148.2666667
2236,1680249600000000000,body-az2-prd-f864b8c88-4sqz6,25968530.208333332,854181580.8
2237,1680246000000000000,body-az2-prd-f864b8c88-4sqz6,23056846.9,849522790.4
2238,1680242400000000000,body-az2-prd-f864b8c88-4sqz6,18594511.966666665,845485533.8666667
2239,1680238800000000000,body-az2-prd-f864b8c88-4sqz6,15767358.966666669,842068753.0666667
2240,1680235200000000000,body-az2-prd-f864b8c88-4sqz6,18437017.566666663,848765474.1333333
2241,1680231600000000000,body-az2-prd-f864b8c88-4sqz6,19937013.333333332,848200567.4666667
2242,1680228000000000000,body-az2-prd-f864b8c88-4sqz6,16555243.766666668,843559970.1333333
2243,1680224400000000000,body-az2-prd-f864b8c88-4sqz6,14851825.775,841208934.4
2244,1680220800000000000,body-az2-prd-f864b8c88-4sqz6,17632502.35,840827255.4666667
2245,1680217200000000000,body-az2-prd-f864b8c88-4sqz6,32617199.1,870657262.9333333
2246,1680213600000000000,body-az2-prd-f864b8c88-4sqz6,35915943.975,878505745.0666667
2247,1680210000000000000,body-az2-prd-f864b8c88-4sqz6,23164216.425,846568823.4666667
2248,1680206400000000000,body-az2-prd-f864b8c88-4sqz6,11251870.55,833721753.6
2249,1680202800000000000,body-az2-prd-f864b8c88-4sqz6,6137116.075,820802423.4666667
2250,1680199200000000000,body-az2-prd-f864b8c88-4sqz6,4472943.475,816890914.1333333
2251,1680195600000000000,body-az2-prd-f864b8c88-4sqz6,4648383.366666666,815429768.5333333
2252,1680192000000000000,body-az2-prd-f864b8c88-4sqz6,4762283.758333334,813105152.0
2253,1680188400000000000,body-az2-prd-f864b8c88-4sqz6,6884651.658333333,818731963.7333333
2254,1680184800000000000,body-az2-prd-f864b8c88-4sqz6,7706529.033333333,827875191.4666667
2255,1680181200000000000,body-az2-prd-f864b8c88-4sqz6,11777369.491666667,835242734.9333333
2256,1680177600000000000,body-az2-prd-f864b8c88-4sqz6,14664609.075,841393766.4
2257,1680174000000000000,body-az2-prd-f864b8c88-4sqz6,15651883.391666668,842730393.6
2258,1680170400000000000,body-az2-prd-f864b8c88-4sqz6,19927975.983333334,846313608.5333333
2259,1680166800000000000,body-az2-prd-f864b8c88-4sqz6,23342270.108333334,851248162.1333333
2260,1680163200000000000,body-az2-prd-f864b8c88-4sqz6,28022423.65,860399889.0666667
2261,1680159600000000000,body-az2-prd-f864b8c88-4sqz6,18011946.216666665,846129732.2666667
2262,1680156000000000000,body-az2-prd-f864b8c88-4sqz6,16220519.4,843130606.9333333
2263,1680152400000000000,body-az2-prd-f864b8c88-4sqz6,15588023.158333331,842591948.8
2264,1680148800000000000,body-az2-prd-f864b8c88-4sqz6,15663911.45,845213081.6
2265,1680145200000000000,body-az2-prd-f864b8c88-4sqz6,18767795.141666666,845422250.6666666
2266,1680141600000000000,body-az2-prd-f864b8c88-4sqz6,13674714.066666666,840082193.0666667
2267,1680138000000000000,body-az2-prd-f864b8c88-4sqz6,15487899.716666669,840154487.4666667
2268,1680134400000000000,body-az2-prd-f864b8c88-4sqz6,16201284.766666668,840349422.9333333
2269,1680130800000000000,body-az2-prd-f864b8c88-4sqz6,36104958.4,882913792.0
2270,1680127200000000000,body-az2-prd-f864b8c88-4sqz6,37688575.608333334,890231637.3333334
2271,1680123600000000000,body-az2-prd-f864b8c88-4sqz6,23782943.725,849295940.2666667
2272,1680120000000000000,body-az2-prd-f864b8c88-4sqz6,13078774.258333333,832006656.0
2273,1680116400000000000,body-az2-prd-f864b8c88-4sqz6,5771095.225,817443362.1333333
2274,1680112800000000000,body-az2-prd-f864b8c88-4sqz6,4192280.866666666,814336785.0666667
2275,1680109200000000000,body-az2-prd-f864b8c88-4sqz6,4143504.116666666,811398348.8
2276,1680105600000000000,body-az2-prd-f864b8c88-4sqz6,4667209.458333333,815974843.7333333
2277,1680102000000000000,body-az2-prd-f864b8c88-4sqz6,6369322.716666667,819457706.6666666
2278,1680098400000000000,body-az2-prd-f864b8c88-4sqz6,9455841.975,828316569.6
2279,1680094800000000000,body-az2-prd-f864b8c88-4sqz6,12121978.575,834702813.8666667
2280,1680091200000000000,body-az2-prd-f864b8c88-4sqz6,13991866.133333333,844340087.4666667
2281,1680087600000000000,body-az2-prd-f864b8c88-4sqz6,15916595.875,840394615.4666667
2282,1680084000000000000,body-az2-prd-f864b8c88-4sqz6,20405128.408333335,844929911.4666667
2283,1680080400000000000,body-az2-prd-f864b8c88-4sqz6,25531525.766666666,857549175.4666667
2284,1680076800000000000,body-az2-prd-f864b8c88-4sqz6,27165297.641666666,853449181.8666667
2285,1680073200000000000,body-az2-prd-f864b8c88-4sqz6,20673820.566666663,844076612.2666667
2286,1680069600000000000,body-az2-prd-f864b8c88-4sqz6,17312676.208333332,843293422.9333333
2287,1680066000000000000,body-az2-prd-f864b8c88-4sqz6,14817406.275,843346534.4
2288,1680062400000000000,body-az2-prd-f864b8c88-4sqz6,16698247.291666666,843695991.4666667
2289,1680058800000000000,body-az2-prd-f864b8c88-4sqz6,18196452.041666668,847515511.4666667
2290,1680055200000000000,body-az2-prd-f864b8c88-4sqz6,15011537.991666667,847227665.0666667
2291,1680051600000000000,body-az2-prd-f864b8c88-4sqz6,14275090.891666668,842065954.1333333
2292,1680048000000000000,body-az2-prd-f864b8c88-4sqz6,20801332.333333332,845283328.0
2293,1680044400000000000,body-az2-prd-f864b8c88-4sqz6,35128124.68333333,877205435.7333333
2294,1680040800000000000,body-az2-prd-f864b8c88-4sqz6,37569829.041666664,879956992.0
2295,1680037200000000000,body-az2-prd-f864b8c88-4sqz6,25756120.166666668,853223253.3333334
2296,1680033600000000000,body-az2-prd-f864b8c88-4sqz6,11843192.9,830953062.4
2297,1680030000000000000,body-az2-prd-f864b8c88-4sqz6,6714364.958333333,821611997.8666667
2298,1680026400000000000,body-az2-prd-f864b8c88-4sqz6,4117226.408333333,812188774.4
2299,1680022800000000000,body-az2-prd-f864b8c88-4sqz6,4361941.033333333,809053422.9333333
2300,1680019200000000000,body-az2-prd-f864b8c88-4sqz6,4963268.233333333,818064964.2666667
2301,1680015600000000000,body-az2-prd-f864b8c88-4sqz6,5763453.775,822005691.7333333
2302,1680012000000000000,body-az2-prd-f864b8c88-4sqz6,8413056.658333333,830613026.1333333
2303,1680008400000000000,body-az2-prd-f864b8c88-4sqz6,14111009.216666669,833671441.0666667
2304,1680004800000000000,body-az2-prd-f864b8c88-4sqz6,13245626.141666668,837997158.4
2305,1680001200000000000,body-az2-prd-f864b8c88-4sqz6,17331691.475,840873949.8666667
2306,1679997600000000000,body-az2-prd-f864b8c88-4sqz6,23197420.433333337,844318856.5333333
2307,1679994000000000000,body-az2-prd-f864b8c88-4sqz6,25831856.591666665,857818862.9333333
2308,1679990400000000000,body-az2-prd-f864b8c88-4sqz6,23596119.516666666,852870963.2
2309,1679986800000000000,body-az2-prd-f864b8c88-4sqz6,17569040.85,842209587.2
2310,1679983200000000000,body-az2-prd-f864b8c88-4sqz6,15654443.775,840472439.4666667
2311,1679979600000000000,body-az2-prd-f864b8c88-4sqz6,13928627.383333333,837475908.2666667
2312,1679976000000000000,body-az2-prd-f864b8c88-4sqz6,14432448.4,838672827.7333333
2313,1679972400000000000,body-az2-prd-f864b8c88-4sqz6,19112221.366666667,845679206.4
2314,1679968800000000000,body-az2-prd-f864b8c88-4sqz6,14919940.266666668,841228765.8666667
2315,1679965200000000000,body-az2-prd-f864b8c88-4sqz6,15475390.858333332,838968695.4666667
2316,1679961600000000000,body-az2-prd-f864b8c88-4sqz6,17495205.783333335,839901764.2666667
2317,1679958000000000000,body-az2-prd-f864b8c88-4sqz6,32110125.525,873870472.5333333
2318,1679954400000000000,body-az2-prd-f864b8c88-4sqz6,38108821.38333333,898087594.6666666
2319,1679950800000000000,body-az2-prd-f864b8c88-4sqz6,22478399.966666665,850208392.5333333
2320,1679947200000000000,body-az2-prd-f864b8c88-4sqz6,11683382.666666666,833109230.9333333
2321,1679943600000000000,body-az2-prd-f864b8c88-4sqz6,6841418.691666666,825764898.1333333
2322,1679940000000000000,body-az2-prd-f864b8c88-4sqz6,5042593.891666667,815264017.0666667
2323,1679936400000000000,body-az2-prd-f864b8c88-4sqz6,4254762.008333334,814424371.2
2324,1679932800000000000,body-az2-prd-f864b8c88-4sqz6,4489086.525,814734336.0
2325,1679929200000000000,body-az2-prd-f864b8c88-4sqz6,7799191.525,820760849.0666667
2326,1679925600000000000,body-az2-prd-f864b8c88-4sqz6,9067795.683333334,829289198.9333333
2327,1679922000000000000,body-az2-prd-f864b8c88-4sqz6,11544001.7,836422690.1333333
2328,1679918400000000000,body-az2-prd-f864b8c88-4sqz6,15459258.533333331,837728631.4666667
2329,1679914800000000000,body-az2-prd-f864b8c88-4sqz6,18329983.341666665,842188731.7333333
2330,1679911200000000000,body-az2-prd-f864b8c88-4sqz6,22011461.891666666,846072183.4666667
2331,1679907600000000000,body-az2-prd-f864b8c88-4sqz6,25951093.541666668,852271991.4666667
2332,1679904000000000000,body-az2-prd-f864b8c88-4sqz6,23882288.358333334,854458333.8666667
2333,1679900400000000000,body-az2-prd-f864b8c88-4sqz6,17185310.608333334,842925943.4666667
2334,1679896800000000000,body-az2-prd-f864b8c88-4sqz6,14761895.258333333,841133294.9333333
2335,1679893200000000000,body-az2-prd-f864b8c88-4sqz6,14295171.775,838412151.4666667
2336,1679889600000000000,body-az2-prd-f864b8c88-4sqz6,14900114.541666666,842836411.7333333
2337,1679886000000000000,body-az2-prd-f864b8c88-4sqz6,18228464.95,844594073.6
2338,1679882400000000000,body-az2-prd-f864b8c88-4sqz6,15389674.2,839819946.6666666
2339,1679878800000000000,body-az2-prd-f864b8c88-4sqz6,17253092.441666666,843564066.1333333
2340,1679875200000000000,body-az2-prd-f864b8c88-4sqz6,17401012.425,842007586.1333333
2341,1679871600000000000,body-az2-prd-f864b8c88-4sqz6,35153310.166666664,866788727.4666667
2342,1679868000000000000,body-az2-prd-f864b8c88-4sqz6,39567456.483333334,887559406.9333333
2343,1679864400000000000,body-az2-prd-f864b8c88-4sqz6,25805634.558333337,853231172.2666667
2344,1679860800000000000,body-az2-prd-f864b8c88-4sqz6,15200222.966666669,833603345.0666667
2345,1679857200000000000,body-az2-prd-f864b8c88-4sqz6,6696012.508333334,817339153.0666667
2346,1679853600000000000,body-az2-prd-f864b8c88-4sqz6,4251828.566666666,809593412.2666667
2347,1679850000000000000,body-az2-prd-f864b8c88-4sqz6,3754256.225,804479317.3333334
2348,1679846400000000000,body-az2-prd-f864b8c88-4sqz6,3946074.741666666,804532326.4
2349,1679842800000000000,body-az2-prd-f864b8c88-4sqz6,6350804.966666667,819836313.6
2350,1679839200000000000,body-az2-prd-f864b8c88-4sqz6,7321018.7,821433958.4
2351,1679835600000000000,body-az2-prd-f864b8c88-4sqz6,13153666.908333331,837495534.9333333
2352,1679832000000000000,body-az2-prd-f864b8c88-4sqz6,14654329.291666666,837083989.3333334
2353,1679828400000000000,body-az2-prd-f864b8c88-4sqz6,17749916.55,843507507.2
2354,1679824800000000000,body-az2-prd-f864b8c88-4sqz6,16394160.791666666,842244608.0
2355,1679821200000000000,body-az2-prd-f864b8c88-4sqz6,16332058.216666669,845854651.7333333
2356,1679817600000000000,body-az2-prd-f864b8c88-4sqz6,21214787.758333333,847413282.1333333
2357,1679814000000000000,body-az2-prd-f864b8c88-4sqz6,21124286.341666665,847677986.1333333
2358,1679810400000000000,body-az2-prd-f864b8c88-4sqz6,20787228.25,844769518.9333333
2359,1679806800000000000,body-az2-prd-f864b8c88-4sqz6,21203959.658333335,849621401.6
2360,1679803200000000000,body-az2-prd-f864b8c88-4sqz6,19544009.033333335,849475618.1333333
2361,1679799600000000000,body-az2-prd-f864b8c88-4sqz6,20307826.958333332,851171874.1333333
2362,1679796000000000000,body-az2-prd-f864b8c88-4sqz6,18582758.766666666,850810060.8
2363,1679792400000000000,body-az2-prd-f864b8c88-4sqz6,21176531.6,848602624.0
2364,1679788800000000000,body-az2-prd-f864b8c88-4sqz6,18930998.116666667,842553856.0
2365,1679785200000000000,body-az2-prd-f864b8c88-4sqz6,14782077.1,840840738.1333333
2366,1679781600000000000,body-az2-prd-f864b8c88-4sqz6,14338773.025,835406199.4666667
2367,1679778000000000000,body-az2-prd-f864b8c88-4sqz6,9715455.05,830390033.0666667
2368,1679774400000000000,body-az2-prd-f864b8c88-4sqz6,7212660.816666666,820954862.9333333
2369,1679770800000000000,body-az2-prd-f864b8c88-4sqz6,4684850.383333334,808923852.8
2370,1679767200000000000,body-az2-prd-f864b8c88-4sqz6,4020315.6,810600174.9333333
2371,1679763600000000000,body-az2-prd-f864b8c88-4sqz6,4599247.491666666,806470860.8
2372,1679760000000000000,body-az2-prd-f864b8c88-4sqz6,6104172.383333334,816970581.3333334
2373,1679756400000000000,body-az2-prd-f864b8c88-4sqz6,7581959.641666667,824388164.2666667
2374,1679752800000000000,body-az2-prd-f864b8c88-4sqz6,11135806.825,827454122.6666666
2375,1679749200000000000,body-az2-prd-f864b8c88-4sqz6,11718467.808333334,827876932.2666667
2376,1679745600000000000,body-az2-prd-f864b8c88-4sqz6,15052127.15,837593668.2666667
2377,1679742000000000000,body-az2-prd-f864b8c88-4sqz6,17205749.233333334,842389811.2
2378,1679738400000000000,body-az2-prd-f864b8c88-4sqz6,17994019.733333334,839508855.4666667
2379,1679734800000000000,body-az2-prd-f864b8c88-4sqz6,19204421.766666666,848813568.0
2380,1679731200000000000,body-az2-prd-f864b8c88-4sqz6,23236999.95,854365593.6
2381,1679727600000000000,body-az2-prd-f864b8c88-4sqz6,21669492.3,846657160.5333333
2382,1679724000000000000,body-az2-prd-f864b8c88-4sqz6,20731227.941666663,842985710.9333333
2383,1679720400000000000,body-az2-prd-f864b8c88-4sqz6,21304288.383333333,847263095.4666667
2384,1679716800000000000,body-az2-prd-f864b8c88-4sqz6,22244823.833333332,850511564.8
2385,1679713200000000000,body-az2-prd-f864b8c88-4sqz6,22758545.108333334,850826103.4666667
2386,1679709600000000000,body-az2-prd-f864b8c88-4sqz6,18845507.8,842184772.2666667
2387,1679706000000000000,body-az2-prd-f864b8c88-4sqz6,21138150.625,849342088.5333333
2388,1679702400000000000,body-az2-prd-f864b8c88-4sqz6,19909184.983333334,845502873.6
2389,1679698800000000000,body-az2-prd-f864b8c88-4sqz6,20319966.066666663,847720209.0666667
2390,1679695200000000000,body-az2-prd-f864b8c88-4sqz6,19104384.25,847469772.8
2391,1679691600000000000,body-az2-prd-f864b8c88-4sqz6,14837600.775,834186240.0
2392,1679688000000000000,body-az2-prd-f864b8c88-4sqz6,9615312.591666669,827453440.0
2393,1679684400000000000,body-az2-prd-f864b8c88-4sqz6,5942826.95,814636168.5333333
2394,1679680800000000000,body-az2-prd-f864b8c88-4sqz6,4715800.716666667,812332578.1333333
2395,1679677200000000000,body-az2-prd-f864b8c88-4sqz6,4530448.908333333,807922483.2
2396,1679673600000000000,body-az2-prd-f864b8c88-4sqz6,5410339.966666667,818570410.6666666
2397,1679670000000000000,body-az2-prd-f864b8c88-4sqz6,7397207.308333334,823252684.8
2398,1679666400000000000,body-az2-prd-f864b8c88-4sqz6,10665008.95,830320230.4
2399,1679662800000000000,body-az2-prd-f864b8c88-4sqz6,13102794.05,836121463.4666667
2400,1679659200000000000,body-az2-prd-f864b8c88-4sqz6,14311896.108333332,839009177.6
2401,1679655600000000000,body-az2-prd-f864b8c88-4sqz6,15817877.358333332,838649787.7333333
2402,1679652000000000000,body-az2-prd-f864b8c88-4sqz6,20049557.533333335,842337109.3333334
2403,1679648400000000000,body-az2-prd-f864b8c88-4sqz6,25032608.483333334,854490794.6666666
2404,1679644800000000000,body-az2-prd-f864b8c88-4sqz6,29870486.866666667,854307805.8666667
2405,1679641200000000000,body-az2-prd-f864b8c88-4sqz6,18089200.25,846945314.1333333
2406,1679637600000000000,body-az2-prd-f864b8c88-4sqz6,17478597.258333333,839471035.7333333
2407,1679634000000000000,body-az2-prd-f864b8c88-4sqz6,16819698.641666666,842484940.8
2408,1679630400000000000,body-az2-prd-f864b8c88-4sqz6,16134941.366666667,839222169.6
2409,1679626800000000000,body-az2-prd-f864b8c88-4sqz6,15787755.258333333,838877730.1333333
2410,1679623200000000000,body-az2-prd-f864b8c88-4sqz6,18015481.158333335,841693388.8
2411,1679619600000000000,body-az2-prd-f864b8c88-4sqz6,15613002.583333334,840180258.1333333
2412,1679616000000000000,body-az2-prd-f864b8c88-4sqz6,18579567.625,845566122.6666666
2413,1679612400000000000,body-az2-prd-f864b8c88-4sqz6,29900486.2,862948044.8
2414,1679608800000000000,body-az2-prd-f864b8c88-4sqz6,36891907.325,866802380.8
2415,1679605200000000000,body-az2-prd-f864b8c88-4sqz6,21062253.083333332,846817587.2
2416,1679601600000000000,body-az2-prd-f864b8c88-4sqz6,10666070.191666666,828169898.6666666
2417,1679598000000000000,body-az2-prd-f864b8c88-4sqz6,5218495.441666666,811946530.1333333
2418,1679594400000000000,body-az2-prd-f864b8c88-4sqz6,4332005.491666666,813447782.4
2419,1679590800000000000,body-az2-prd-f864b8c88-4sqz6,4800288.575,809743291.7333333
2420,1679587200000000000,body-az2-prd-f864b8c88-4sqz6,4119644.4166666665,804274414.9333333
2421,1679583600000000000,body-az2-prd-f864b8c88-4sqz6,7706221.166666667,826627106.1333333
2422,1679580000000000000,body-az2-prd-f864b8c88-4sqz6,9009156.483333332,821252096.0
2423,1679576400000000000,body-az2-prd-f864b8c88-4sqz6,11465688.583333334,832110728.5333333
2424,1679572800000000000,body-az2-prd-f864b8c88-4sqz6,15058753.225,839084987.7333333
2425,1679569200000000000,body-az2-prd-f864b8c88-4sqz6,14440611.716666669,837570423.4666667
2426,1679565600000000000,body-az2-prd-f864b8c88-4sqz6,18385755.016666666,842609425.0666667
2427,1679562000000000000,body-az2-prd-f864b8c88-4sqz6,24857706.983333334,850376806.4
2428,1679558400000000000,body-az2-prd-f864b8c88-4sqz6,24302286.8,846380441.6
2429,1679554800000000000,body-az2-prd-f864b8c88-4sqz6,17130025.183333334,841057245.8666667
2430,1679551200000000000,body-az2-prd-f864b8c88-4sqz6,16153012.716666669,839638869.3333334
2431,1679547600000000000,body-az2-prd-f864b8c88-4sqz6,14720420.125,841188727.4666667
2432,1679544000000000000,body-az2-prd-f864b8c88-4sqz6,14611680.9,841088409.6
2433,1679540400000000000,body-az2-prd-f864b8c88-4sqz6,16730096.083333334,843923046.4
2434,1679536800000000000,body-az2-prd-f864b8c88-4sqz6,15528531.666666666,841549448.5333333
2435,1679533200000000000,body-az2-prd-f864b8c88-4sqz6,14100230.65,840161245.8666667
2436,1679529600000000000,body-az2-prd-f864b8c88-4sqz6,20645729.491666667,846882611.2
2437,1679526000000000000,body-az2-prd-f864b8c88-4sqz6,31482549.716666665,859292023.4666667
2438,1679522400000000000,body-az2-prd-f864b8c88-4sqz6,37106963.708333336,876194611.2
2439,1679518800000000000,body-az2-prd-f864b8c88-4sqz6,19495936.2,845103138.1333333
2440,1679515200000000000,body-az2-prd-f864b8c88-4sqz6,10338294.658333331,833031714.1333333
2441,1679511600000000000,body-az2-prd-f864b8c88-4sqz6,7409216.066666666,823032251.7333333
2442,1679508000000000000,body-az2-prd-f864b8c88-4sqz6,4189376.85,807660441.6
2443,1679504400000000000,body-az2-prd-f864b8c88-4sqz6,4706200.058333334,814638694.4
2444,1679500800000000000,body-az2-prd-f864b8c88-4sqz6,4838583.666666667,815913779.2
2445,1679497200000000000,body-az2-prd-f864b8c88-4sqz6,7556599.458333333,822523255.4666667
2446,1679493600000000000,body-az2-prd-f864b8c88-4sqz6,10912419.55,828958924.8
2447,1679490000000000000,body-az2-prd-f864b8c88-4sqz6,12482745.6,834119509.3333334
2448,1679486400000000000,body-az2-prd-f864b8c88-4sqz6,16152794.075,837464849.0666667
2449,1679482800000000000,body-az2-prd-f864b8c88-4sqz6,16405217.808333334,840896682.6666666
2450,1679479200000000000,body-az2-prd-f864b8c88-4sqz6,19866855.6,840751616.0
2451,1679475600000000000,body-az2-prd-f864b8c88-4sqz6,22840331.7,850196206.9333333
2452,1679472000000000000,body-az2-prd-f864b8c88-4sqz6,25667267.258333333,855207492.2666667
2453,1679468400000000000,body-az2-prd-f864b8c88-4sqz6,19299724.625,842866926.9333333
2454,1679464800000000000,body-az2-prd-f864b8c88-4sqz6,15759220.7,840372940.8
2455,1679461200000000000,body-az2-prd-f864b8c88-4sqz6,13016980.975,839539507.2
2456,1679457600000000000,body-az2-prd-f864b8c88-4sqz6,15360269.916666666,843588539.7333333
2457,1679454000000000000,body-az2-prd-f864b8c88-4sqz6,17929340.433333334,844583253.3333334
2458,1679450400000000000,body-az2-prd-f864b8c88-4sqz6,15449523.283333331,837403886.9333333
2459,1679446800000000000,body-az2-prd-f864b8c88-4sqz6,14069818.758333333,836591991.4666667
2460,1679443200000000000,body-az2-prd-f864b8c88-4sqz6,17511848.05,842280584.5333333
2461,1679439600000000000,body-az2-prd-f864b8c88-4sqz6,31124532.983333334,862767854.9333333
2462,1679436000000000000,body-az2-prd-f864b8c88-4sqz6,37229807.61666667,867549559.4666667
2463,1679432400000000000,body-az2-prd-f864b8c88-4sqz6,22319421.316666663,843747601.0666667
2464,1679428800000000000,body-az2-prd-f864b8c88-4sqz6,10976304.391666668,832168618.6666666
2465,1679425200000000000,body-az2-prd-f864b8c88-4sqz6,6352189.858333333,817407726.9333333
2466,1679421600000000000,body-az2-prd-f864b8c88-4sqz6,3678040.491666666,809264332.8
2467,1679418000000000000,body-az2-prd-f864b8c88-4sqz6,4058491.883333334,807848823.4666667
2468,1679414400000000000,body-az2-prd-f864b8c88-4sqz6,5857394.741666666,815316309.3333334
2469,1679410800000000000,body-az2-prd-f864b8c88-4sqz6,7422154.325,822915925.3333334
2470,1679407200000000000,body-az2-prd-f864b8c88-4sqz6,8277738.408333333,824478310.4
2471,1679403600000000000,body-az2-prd-f864b8c88-4sqz6,10832716.608333332,829304422.4
2472,1679400000000000000,body-az2-prd-f864b8c88-4sqz6,14653400.525,840109704.5333333
2473,1679396400000000000,body-az2-prd-f864b8c88-4sqz6,17992566.833333332,840340104.5333333
2474,1679392800000000000,body-az2-prd-f864b8c88-4sqz6,17865312.166666668,840205482.6666666
2475,1679389200000000000,body-az2-prd-f864b8c88-4sqz6,22933834.591666665,847097139.2
2476,1679385600000000000,body-az2-prd-f864b8c88-4sqz6,23233780.491666667,851515426.1333333
2477,1679382000000000000,body-az2-prd-f864b8c88-4sqz6,17861191.2,839916236.8
2478,1679378400000000000,body-az2-prd-f864b8c88-4sqz6,15574911.575,842006459.7333333
2479,1679374800000000000,body-az2-prd-f864b8c88-4sqz6,14822400.983333332,842928571.7333333
2480,1679371200000000000,body-az2-prd-f864b8c88-4sqz6,16067064.85,838091298.1333333
2481,1679367600000000000,body-az2-prd-f864b8c88-4sqz6,16714021.941666666,842288366.9333333
2482,1679364000000000000,body-az2-prd-f864b8c88-4sqz6,15876325.975,839396488.5333333
2483,1679360400000000000,body-az2-prd-f864b8c88-4sqz6,14455339.65,835061316.2666667
2484,1679356800000000000,body-az2-prd-f864b8c88-4sqz6,16983086.366666667,840750421.3333334
2485,1679353200000000000,body-az2-prd-f864b8c88-4sqz6,32079568.9,869390370.1333333
2486,1679349600000000000,body-az2-prd-f864b8c88-4sqz6,40206882.65,884415863.4666667
2487,1679346000000000000,body-az2-prd-f864b8c88-4sqz6,24763069.833333332,846592238.9333333
2488,1679342400000000000,body-az2-prd-f864b8c88-4sqz6,11371894.341666669,829660228.2666667
2489,1679338800000000000,body-az2-prd-f864b8c88-4sqz6,6628232.55,816472302.9333333
2490,1679335200000000000,body-az2-prd-f864b8c88-4sqz6,4143765.216666667,807528584.5333333
2491,1679331600000000000,body-az2-prd-f864b8c88-4sqz6,4267552.55,815087889.0666667
2492,1679328000000000000,body-az2-prd-f864b8c88-4sqz6,4994673.558333334,812398250.6666666
2493,1679324400000000000,body-az2-prd-f864b8c88-4sqz6,6875778.508333334,821589572.2666667
2494,1679320800000000000,body-az2-prd-f864b8c88-4sqz6,8202177.966666667,822148300.8
2495,1679317200000000000,body-az2-prd-f864b8c88-4sqz6,10722293.325,829643025.0666667
2496,1679313600000000000,body-az2-prd-f864b8c88-4sqz6,14610735.133333333,835700838.4
2497,1679310000000000000,body-az2-prd-f864b8c88-4sqz6,14831256.866666667,836283904.0
2498,1679306400000000000,body-az2-prd-f864b8c88-4sqz6,19159540.775,842759406.9333333
2499,1679302800000000000,body-az2-prd-f864b8c88-4sqz6,25465235.633333333,848555827.2
