,time,cpu_cores,pod,cpu_unit,memory_bytes,memory_unit,cpu_usage_nanocores,memory_working_set_bytes
0,1683302400000000000,1.0,account-journaling-az2-prd-user-profile-sync-sink-74cd8b472hdn4,core,1073741824.0,byte,3712726.2952380953,25988222.78095238
1,1683298800000000000,1.0,account-journaling-az2-prd-user-profile-sync-sink-74cd8b472hdn4,core,1073741824.0,byte,4082631.275,25119232.0
2,1683295200000000000,1.0,account-journaling-az2-prd-user-profile-sync-sink-74cd8b472hdn4,core,1073741824.0,byte,4737000.925,24942899.2
3,1683291600000000000,1.0,account-journaling-az2-prd-user-profile-sync-sink-74cd8b472hdn4,core,1073741824.0,byte,5861996.158333333,24046250.666666668
4,1683288000000000000,1.0,account-journaling-az2-prd-user-profile-sync-sink-74cd8b472hdn4,core,1073741824.0,byte,7207533.858333333,23699319.466666665
5,1683284400000000000,1.0,account-journaling-az2-prd-user-profile-sync-sink-74cd8b472hdn4,core,1073741824.0,byte,8387631.1,23530120.533333335
6,1683280800000000000,1.0,account-journaling-az2-prd-user-profile-sync-sink-74cd8b472hdn4,core,1073741824.0,byte,10041029.383333333,23399048.533333335
7,1683277200000000000,1.0,account-journaling-az2-prd-user-profile-sync-sink-74cd8b472hdn4,core,1073741824.0,byte,12772128.616666667,23213465.6
8,1683273600000000000,1.0,account-journaling-az2-prd-user-profile-sync-sink-74cd8b472hdn4,core,1073741824.0,byte,14243745.225,22646613.333333332
9,1683270000000000000,1.0,account-journaling-az2-prd-user-profile-sync-sink-74cd8b472hdn4,core,1073741824.0,byte,14327297.516666668,22670097.066666663
10,1683266400000000000,1.0,account-journaling-az2-prd-user-profile-sync-sink-74cd8b472hdn4,core,1073741824.0,byte,14529509.258333333,22658525.866666667
11,1683262800000000000,1.0,account-journaling-az2-prd-user-profile-sync-sink-74cd8b472hdn4,core,1073741824.0,byte,14787224.808333334,22554419.2
12,1683259200000000000,1.0,account-journaling-az2-prd-user-profile-sync-sink-74cd8b472hdn4,core,1073741824.0,byte,14925669.391666668,22419899.733333334
13,1683255600000000000,1.0,account-journaling-az2-prd-user-profile-sync-sink-74cd8b472hdn4,core,1073741824.0,byte,14728415.641666668,22469836.8
14,1683252000000000000,1.0,account-journaling-az2-prd-user-profile-sync-sink-74cd8b472hdn4,core,1073741824.0,byte,13458902.633333333,22384332.8
15,1683248400000000000,1.0,account-journaling-az2-prd-user-profile-sync-sink-74cd8b472hdn4,core,1073741824.0,byte,10854270.583333334,22706756.266666666
16,1683244800000000000,1.0,account-journaling-az2-prd-user-profile-sync-sink-74cd8b472hdn4,core,1073741824.0,byte,8677549.441666666,22886229.333333332
17,1683241200000000000,1.0,account-journaling-az2-prd-user-profile-sync-sink-74cd8b472hdn4,core,1073741824.0,byte,6877628.475,23199880.533333335
18,1683237600000000000,1.0,account-journaling-az2-prd-user-profile-sync-sink-74cd8b472hdn4,core,1073741824.0,byte,5682221.116666666,23705292.8
19,1683234000000000000,1.0,account-journaling-az2-prd-user-profile-sync-sink-74cd8b472hdn4,core,1073741824.0,byte,4788927.883333334,24144281.6
20,1683230400000000000,1.0,account-journaling-az2-prd-user-profile-sync-sink-74cd8b472hdn4,core,1073741824.0,byte,3868187.7916666665,25362909.866666667
21,1683226800000000000,1.0,account-journaling-az2-prd-user-profile-sync-sink-74cd8b472hdn4,core,1073741824.0,byte,3463006.6333333333,26034892.8
22,1683223200000000000,1.0,account-journaling-az2-prd-user-profile-sync-sink-74cd8b472hdn4,core,1073741824.0,byte,3479005.066666667,26010043.733333334
23,1683219600000000000,1.0,account-journaling-az2-prd-user-profile-sync-sink-74cd8b472hdn4,core,1073741824.0,byte,3735433.15,25306931.2
24,1683216000000000000,1.0,account-journaling-az2-prd-user-profile-sync-sink-74cd8b472hdn4,core,1073741824.0,byte,4080746.216666667,24460253.866666667
25,1683212400000000000,1.0,account-journaling-az2-prd-user-profile-sync-sink-74cd8b472hdn4,core,1073741824.0,byte,4801679.191666666,23679249.066666663
26,1683208800000000000,1.0,account-journaling-az2-prd-user-profile-sync-sink-74cd8b472hdn4,core,1073741824.0,byte,5825867.925,23685734.4
27,1683205200000000000,1.0,account-journaling-az2-prd-user-profile-sync-sink-74cd8b472hdn4,core,1073741824.0,byte,7448176.85,23036040.533333335
28,1683201600000000000,1.0,account-journaling-az2-prd-user-profile-sync-sink-74cd8b472hdn4,core,1073741824.0,byte,9147089.341666669,22738158.933333337
29,1683198000000000000,1.0,account-journaling-az2-prd-user-profile-sync-sink-74cd8b472hdn4,core,1073741824.0,byte,11070045.7,22916744.533333335
30,1683194400000000000,1.0,account-journaling-az2-prd-user-profile-sync-sink-74cd8b472hdn4,core,1073741824.0,byte,14154831.666666666,23402154.666666668
31,1683190800000000000,1.0,account-journaling-az2-prd-user-profile-sync-sink-74cd8b472hdn4,core,1073741824.0,byte,16969182.733333334,23094442.666666668
32,1683187200000000000,1.0,account-journaling-az2-prd-user-profile-sync-sink-74cd8b472hdn4,core,1073741824.0,byte,15305059.058333334,22894967.466666665
33,1683183600000000000,1.0,account-journaling-az2-prd-user-profile-sync-sink-74cd8b472hdn4,core,1073741824.0,byte,13391305.25,23124753.066666663
34,1683180000000000000,1.0,account-journaling-az2-prd-user-profile-sync-sink-74cd8b472hdn4,core,1073741824.0,byte,12649523.058333334,23146052.266666666
35,1683176400000000000,1.0,account-journaling-az2-prd-user-profile-sync-sink-74cd8b472hdn4,core,1073741824.0,byte,12129508.816666666,23172915.2
36,1683172800000000000,1.0,account-journaling-az2-prd-user-profile-sync-sink-74cd8b472hdn4,core,1073741824.0,byte,12549248.266666668,23251217.066666663
37,1683169200000000000,1.0,account-journaling-az2-prd-user-profile-sync-sink-74cd8b472hdn4,core,1073741824.0,byte,12892463.4,23254562.133333333
38,1683165600000000000,1.0,account-journaling-az2-prd-user-profile-sync-sink-74cd8b472hdn4,core,1073741824.0,byte,11890820.283333331,23280435.2
39,1683162000000000000,1.0,account-journaling-az2-prd-user-profile-sync-sink-74cd8b472hdn4,core,1073741824.0,byte,10725575.375,23545446.4
40,1683158400000000000,1.0,account-journaling-az2-prd-user-profile-sync-sink-74cd8b472hdn4,core,1073741824.0,byte,11352600.758333333,23403758.933333337
41,1683154800000000000,1.0,account-journaling-az2-prd-user-profile-sync-sink-74cd8b472hdn4,core,1073741824.0,byte,14483519.716666669,22982519.466666665
42,1683151200000000000,1.0,account-journaling-az2-prd-user-profile-sync-sink-74cd8b472hdn4,core,1073741824.0,byte,9987255.741666667,23285213.866666667
43,1683147600000000000,1.0,account-journaling-az2-prd-user-profile-sync-sink-74cd8b472hdn4,core,1073741824.0,byte,6173197.775,24148821.333333332
44,1683144000000000000,1.0,account-journaling-az2-prd-user-profile-sync-sink-74cd8b472hdn4,core,1073741824.0,byte,4264981.0,25597986.133333333
45,1683140400000000000,1.0,account-journaling-az2-prd-user-profile-sync-sink-74cd8b472hdn4,core,1073741824.0,byte,3440435.066666667,26433774.933333337
46,1683136800000000000,1.0,account-journaling-az2-prd-user-profile-sync-sink-74cd8b472hdn4,core,1073741824.0,byte,3180711.566666667,27683191.466666665
47,1683133200000000000,1.0,account-journaling-az2-prd-user-profile-sync-sink-74cd8b472hdn4,core,1073741824.0,byte,3304996.025,26753058.133333333
48,1683129600000000000,1.0,account-journaling-az2-prd-user-profile-sync-sink-74cd8b472hdn4,core,1073741824.0,byte,3633081.225,25601126.4
49,1683126000000000000,1.0,account-journaling-az2-prd-user-profile-sync-sink-74cd8b472hdn4,core,1073741824.0,byte,4226312.225,24571835.733333334
50,1683122400000000000,1.0,account-journaling-az2-prd-user-profile-sync-sink-74cd8b472hdn4,core,1073741824.0,byte,5018609.6,23903436.8
51,1683118800000000000,1.0,account-journaling-az2-prd-user-profile-sync-sink-74cd8b472hdn4,core,1073741824.0,byte,6467625.508333334,23084270.933333337
52,1683115200000000000,1.0,account-journaling-az2-prd-user-profile-sync-sink-74cd8b472hdn4,core,1073741824.0,byte,7634831.708333333,22915174.4
53,1683111600000000000,1.0,account-journaling-az2-prd-user-profile-sync-sink-74cd8b472hdn4,core,1073741824.0,byte,9261463.958333334,22643336.533333335
54,1683108000000000000,1.0,account-journaling-az2-prd-user-profile-sync-sink-74cd8b472hdn4,core,1073741824.0,byte,12261896.675,22531242.666666668
55,1683104400000000000,1.0,account-journaling-az2-prd-user-profile-sync-sink-74cd8b472hdn4,core,1073741824.0,byte,16130131.033333331,22309102.933333337
56,1683100800000000000,1.0,account-journaling-az2-prd-user-profile-sync-sink-74cd8b472hdn4,core,1073741824.0,byte,14405360.216666669,22301491.2
57,1683097200000000000,1.0,account-journaling-az2-prd-user-profile-sync-sink-74cd8b472hdn4,core,1073741824.0,byte,12535737.225,22458094.933333337
58,1683093600000000000,1.0,account-journaling-az2-prd-user-profile-sync-sink-74cd8b472hdn4,core,1073741824.0,byte,12029296.675,22511377.066666663
59,1683090000000000000,1.0,account-journaling-az2-prd-user-profile-sync-sink-74cd8b472hdn4,core,1073741824.0,byte,11503767.75,22711978.666666668
60,1683086400000000000,1.0,account-journaling-az2-prd-user-profile-sync-sink-74cd8b472hdn4,core,1073741824.0,byte,12049581.966666669,22662724.266666666
61,1683082800000000000,1.0,account-journaling-az2-prd-user-profile-sync-sink-74cd8b472hdn4,core,1073741824.0,byte,12066985.725,22597597.866666667
62,1683079200000000000,1.0,account-journaling-az2-prd-user-profile-sync-sink-74cd8b472hdn4,core,1073741824.0,byte,10774509.1,23171515.733333334
63,1683075600000000000,1.0,account-journaling-az2-prd-user-profile-sync-sink-74cd8b472hdn4,core,1073741824.0,byte,9786930.541666666,23152401.066666663
64,1683072000000000000,1.0,account-journaling-az2-prd-user-profile-sync-sink-74cd8b472hdn4,core,1073741824.0,byte,10775052.45,22805811.2
65,1683068400000000000,1.0,account-journaling-az2-prd-user-profile-sync-sink-74cd8b472hdn4,core,1073741824.0,byte,14125448.675,22877730.133333333
66,1683064800000000000,1.0,account-journaling-az2-prd-user-profile-sync-sink-74cd8b472hdn4,core,1073741824.0,byte,9803518.116666667,23255210.666666668
67,1683061200000000000,1.0,account-journaling-az2-prd-user-profile-sync-sink-74cd8b472hdn4,core,1073741824.0,byte,6266600.05,24140288.0
68,1683057600000000000,1.0,account-journaling-az2-prd-user-profile-sync-sink-74cd8b472hdn4,core,1073741824.0,byte,4269127.25,25663385.6
69,1683054000000000000,1.0,account-journaling-az2-prd-user-profile-sync-sink-74cd8b472hdn4,core,1073741824.0,byte,3370717.825,27054796.8
70,1683050400000000000,1.0,account-journaling-az2-prd-user-profile-sync-sink-74cd8b472hdn4,core,1073741824.0,byte,3202576.783333333,27441220.266666666
71,1683046800000000000,1.0,account-journaling-az2-prd-user-profile-sync-sink-74cd8b472hdn4,core,1073741824.0,byte,3268532.0,27164945.066666663
72,1683043200000000000,1.0,account-journaling-az2-prd-user-profile-sync-sink-74cd8b472hdn4,core,1073741824.0,byte,3575604.0416666665,26994892.8
73,1683039600000000000,1.0,account-journaling-az2-prd-user-profile-sync-sink-74cd8b472hdn4,core,1073741824.0,byte,4098563.741666666,25943313.066666663
74,1683036000000000000,1.0,account-journaling-az2-prd-user-profile-sync-sink-74cd8b472hdn4,core,1073741824.0,byte,4803782.091666667,24695398.4
75,1683032400000000000,1.0,account-journaling-az2-prd-user-profile-sync-sink-74cd8b472hdn4,core,1073741824.0,byte,6245418.583333333,23877256.533333335
76,1683028800000000000,1.0,account-journaling-az2-prd-user-profile-sync-sink-74cd8b472hdn4,core,1073741824.0,byte,7602456.283333333,23387204.266666666
77,1683025200000000000,1.0,account-journaling-az2-prd-user-profile-sync-sink-74cd8b472hdn4,core,1073741824.0,byte,9086554.216666669,22596983.466666665
78,1683021600000000000,1.0,account-journaling-az2-prd-user-profile-sync-sink-74cd8b472hdn4,core,1073741824.0,byte,11688898.45,22385356.8
79,1683018000000000000,1.0,account-journaling-az2-prd-user-profile-sync-sink-74cd8b472hdn4,core,1073741824.0,byte,15320013.375,22377198.933333337
80,1683014400000000000,1.0,account-journaling-az2-prd-user-profile-sync-sink-74cd8b472hdn4,core,1073741824.0,byte,13607508.016666668,22428979.2
81,1683010800000000000,1.0,account-journaling-az2-prd-user-profile-sync-sink-74cd8b472hdn4,core,1073741824.0,byte,11825383.975,22477516.8
82,1683007200000000000,1.0,account-journaling-az2-prd-user-profile-sync-sink-74cd8b472hdn4,core,1073741824.0,byte,11330129.783333331,22654361.6
83,1683003600000000000,1.0,account-journaling-az2-prd-user-profile-sync-sink-74cd8b472hdn4,core,1073741824.0,byte,11102617.575,22434269.866666667
84,1683000000000000000,1.0,account-journaling-az2-prd-user-profile-sync-sink-74cd8b472hdn4,core,1073741824.0,byte,11367719.641666668,22590566.4
85,1682996400000000000,1.0,account-journaling-az2-prd-user-profile-sync-sink-74cd8b472hdn4,core,1073741824.0,byte,11627893.466666669,22570018.133333333
86,1682992800000000000,1.0,account-journaling-az2-prd-user-profile-sync-sink-74cd8b472hdn4,core,1073741824.0,byte,10853043.791666666,22612002.133333333
87,1682989200000000000,1.0,account-journaling-az2-prd-user-profile-sync-sink-74cd8b472hdn4,core,1073741824.0,byte,9868999.941666666,23380343.466666665
88,1682985600000000000,1.0,account-journaling-az2-prd-user-profile-sync-sink-74cd8b472hdn4,core,1073741824.0,byte,10743866.575,23090380.8
89,1682982000000000000,1.0,account-journaling-az2-prd-user-profile-sync-sink-74cd8b472hdn4,core,1073741824.0,byte,14636503.758333333,23196194.133333333
90,1682978400000000000,1.0,account-journaling-az2-prd-user-profile-sync-sink-74cd8b472hdn4,core,1073741824.0,byte,10353104.8,23232955.733333334
91,1682974800000000000,1.0,account-journaling-az2-prd-user-profile-sync-sink-74cd8b472hdn4,core,1073741824.0,byte,6494207.191666666,23884902.4
92,1682971200000000000,1.0,account-journaling-az2-prd-user-profile-sync-sink-74cd8b472hdn4,core,1073741824.0,byte,4346126.433333334,25690965.333333332
93,1682967600000000000,1.0,account-journaling-az2-prd-user-profile-sync-sink-74cd8b472hdn4,core,1073741824.0,byte,3391132.1333333333,27301614.933333337
94,1682964000000000000,1.0,account-journaling-az2-prd-user-profile-sync-sink-74cd8b472hdn4,core,1073741824.0,byte,3187471.525,27109068.8
95,1682960400000000000,1.0,account-journaling-az2-prd-user-profile-sync-sink-74cd8b472hdn4,core,1073741824.0,byte,3267170.775,26813883.733333334
96,1682956800000000000,1.0,account-journaling-az2-prd-user-profile-sync-sink-74cd8b472hdn4,core,1073741824.0,byte,3502889.558333333,26326630.4
97,1682953200000000000,1.0,account-journaling-az2-prd-user-profile-sync-sink-74cd8b472hdn4,core,1073741824.0,byte,3936102.4833333334,25458278.4
98,1682949600000000000,1.0,account-journaling-az2-prd-user-profile-sync-sink-74cd8b472hdn4,core,1073741824.0,byte,4723111.016666667,24640443.733333334
99,1682946000000000000,1.0,account-journaling-az2-prd-user-profile-sync-sink-74cd8b472hdn4,core,1073741824.0,byte,5969406.2,23877802.666666668
100,1682942400000000000,1.0,account-journaling-az2-prd-user-profile-sync-sink-74cd8b472hdn4,core,1073741824.0,byte,7328160.65,23403485.866666667
101,1682938800000000000,1.0,account-journaling-az2-prd-user-profile-sync-sink-74cd8b472hdn4,core,1073741824.0,byte,8571698.441666666,23420211.2
102,1682935200000000000,1.0,account-journaling-az2-prd-user-profile-sync-sink-74cd8b472hdn4,core,1073741824.0,byte,10450803.083333334,23156121.6
103,1682931600000000000,1.0,account-journaling-az2-prd-user-profile-sync-sink-74cd8b472hdn4,core,1073741824.0,byte,13482934.25,22969548.8
104,1682928000000000000,1.0,account-journaling-az2-prd-user-profile-sync-sink-74cd8b472hdn4,core,1073741824.0,byte,14308082.366666667,23095842.133333333
105,1682924400000000000,1.0,account-journaling-az2-prd-user-profile-sync-sink-74cd8b472hdn4,core,1073741824.0,byte,14291936.616666667,22948761.6
106,1682920800000000000,1.0,account-journaling-az2-prd-user-profile-sync-sink-74cd8b472hdn4,core,1073741824.0,byte,14474755.983333332,22987434.666666668
107,1682917200000000000,1.0,account-journaling-az2-prd-user-profile-sync-sink-74cd8b472hdn4,core,1073741824.0,byte,14448911.891666668,23167112.533333335
108,1682913600000000000,1.0,account-journaling-az2-prd-user-profile-sync-sink-74cd8b472hdn4,core,1073741824.0,byte,14911344.083333334,23079355.733333334
109,1682910000000000000,1.0,account-journaling-az2-prd-user-profile-sync-sink-74cd8b472hdn4,core,1073741824.0,byte,15019173.091666669,22990813.866666667
110,1682906400000000000,1.0,account-journaling-az2-prd-user-profile-sync-sink-74cd8b472hdn4,core,1073741824.0,byte,13647858.025,22931251.2
111,1682902800000000000,1.0,account-journaling-az2-prd-user-profile-sync-sink-74cd8b472hdn4,core,1073741824.0,byte,11815441.641666668,22996548.266666666
112,1682899200000000000,1.0,account-journaling-az2-prd-user-profile-sync-sink-74cd8b472hdn4,core,1073741824.0,byte,10355929.2,22666001.066666663
113,1682895600000000000,1.0,account-journaling-az2-prd-user-profile-sync-sink-74cd8b472hdn4,core,1073741824.0,byte,9727306.566666666,23132842.666666668
114,1682892000000000000,1.0,account-journaling-az2-prd-user-profile-sync-sink-74cd8b472hdn4,core,1073741824.0,byte,6930196.166666667,24053009.066666663
115,1682888400000000000,1.0,account-journaling-az2-prd-user-profile-sync-sink-74cd8b472hdn4,core,1073741824.0,byte,5140665.125,24425881.6
116,1682884800000000000,1.0,account-journaling-az2-prd-user-profile-sync-sink-74cd8b472hdn4,core,1073741824.0,byte,3960463.308333333,25705437.866666667
117,1682881200000000000,1.0,account-journaling-az2-prd-user-profile-sync-sink-74cd8b472hdn4,core,1073741824.0,byte,3384939.75,26752238.933333337
118,1682877600000000000,1.0,account-journaling-az2-prd-user-profile-sync-sink-74cd8b472hdn4,core,1073741824.0,byte,3273620.2,26090666.666666668
119,1682874000000000000,1.0,account-journaling-az2-prd-user-profile-sync-sink-74cd8b472hdn4,core,1073741824.0,byte,3342736.1416666666,27314176.0
120,1682870400000000000,1.0,account-journaling-az2-prd-user-profile-sync-sink-74cd8b472hdn4,core,1073741824.0,byte,3666523.2916666665,26423296.0
121,1682866800000000000,1.0,account-journaling-az2-prd-user-profile-sync-sink-74cd8b472hdn4,core,1073741824.0,byte,4214173.075,25103189.333333332
122,1682863200000000000,1.0,account-journaling-az2-prd-user-profile-sync-sink-74cd8b472hdn4,core,1073741824.0,byte,5030688.641666667,24558284.8
123,1682859600000000000,1.0,account-journaling-az2-prd-user-profile-sync-sink-74cd8b472hdn4,core,1073741824.0,byte,6289998.158333333,24003242.666666668
124,1682856000000000000,1.0,account-journaling-az2-prd-user-profile-sync-sink-74cd8b472hdn4,core,1073741824.0,byte,7836296.8,23358156.8
125,1682852400000000000,1.0,account-journaling-az2-prd-user-profile-sync-sink-74cd8b472hdn4,core,1073741824.0,byte,9251570.675,23400925.866666667
126,1682848800000000000,1.0,account-journaling-az2-prd-user-profile-sync-sink-74cd8b472hdn4,core,1073741824.0,byte,10804779.766666668,23206912.0
127,1682845200000000000,1.0,account-journaling-az2-prd-user-profile-sync-sink-74cd8b472hdn4,core,1073741824.0,byte,13362234.258333333,22935859.2
128,1682841600000000000,1.0,account-journaling-az2-prd-user-profile-sync-sink-74cd8b472hdn4,core,1073741824.0,byte,14544771.608333332,23027370.666666668
129,1682838000000000000,1.0,account-journaling-az2-prd-user-profile-sync-sink-74cd8b472hdn4,core,1073741824.0,byte,14714518.516666668,23237051.733333334
130,1682834400000000000,1.0,account-journaling-az2-prd-user-profile-sync-sink-74cd8b472hdn4,core,1073741824.0,byte,15312682.741666667,22823014.4
131,1682830800000000000,1.0,account-journaling-az2-prd-user-profile-sync-sink-74cd8b472hdn4,core,1073741824.0,byte,15403197.516666668,22859946.666666668
132,1682827200000000000,1.0,account-journaling-az2-prd-user-profile-sync-sink-74cd8b472hdn4,core,1073741824.0,byte,15870222.45,22997572.266666666
133,1682823600000000000,1.0,account-journaling-az2-prd-user-profile-sync-sink-74cd8b472hdn4,core,1073741824.0,byte,15427621.241666667,23155848.533333335
134,1682820000000000000,1.0,account-journaling-az2-prd-user-profile-sync-sink-74cd8b472hdn4,core,1073741824.0,byte,13806264.85,23134754.133333333
135,1682816400000000000,1.0,account-journaling-az2-prd-user-profile-sync-sink-74cd8b472hdn4,core,1073741824.0,byte,11928376.233333332,23141580.8
136,1682812800000000000,1.0,account-journaling-az2-prd-user-profile-sync-sink-74cd8b472hdn4,core,1073741824.0,byte,9090097.358333332,23221350.4
137,1682809200000000000,1.0,account-journaling-az2-prd-user-profile-sync-sink-74cd8b472hdn4,core,1073741824.0,byte,7133264.633333334,23419665.066666663
138,1682805600000000000,1.0,account-journaling-az2-prd-user-profile-sync-sink-74cd8b472hdn4,core,1073741824.0,byte,5657878.566666666,24282726.4
139,1682802000000000000,1.0,account-journaling-az2-prd-user-profile-sync-sink-74cd8b472hdn4,core,1073741824.0,byte,4758821.05,24785203.2
140,1682798400000000000,1.0,account-journaling-az2-prd-user-profile-sync-sink-74cd8b472hdn4,core,1073741824.0,byte,3872774.316666667,26255837.866666667
141,1682794800000000000,1.0,account-journaling-az2-prd-user-profile-sync-sink-74cd8b472hdn4,core,1073741824.0,byte,3404489.0833333335,27213824.0
142,1682791200000000000,1.0,account-journaling-az2-prd-user-profile-sync-sink-74cd8b472hdn4,core,1073741824.0,byte,3351094.7333333334,26621713.066666663
143,1682787600000000000,1.0,account-journaling-az2-prd-user-profile-sync-sink-74cd8b472hdn4,core,1073741824.0,byte,3482935.7916666665,26082440.533333335
144,1682784000000000000,1.0,account-journaling-az2-prd-user-profile-sync-sink-74cd8b472hdn4,core,1073741824.0,byte,3827863.5833333335,25655364.266666666
145,1682780400000000000,1.0,account-journaling-az2-prd-user-profile-sync-sink-74cd8b472hdn4,core,1073741824.0,byte,4251857.816666666,25245013.333333332
146,1682776800000000000,1.0,account-journaling-az2-prd-user-profile-sync-sink-74cd8b472hdn4,core,1073741824.0,byte,4837727.091666667,24896477.866666667
147,1682773200000000000,1.0,account-journaling-az2-prd-user-profile-sync-sink-74cd8b472hdn4,core,1073741824.0,byte,6231745.891666667,23856025.6
148,1682769600000000000,1.0,account-journaling-az2-prd-user-profile-sync-sink-74cd8b472hdn4,core,1073741824.0,byte,7647671.65,23556096.0
149,1682766000000000000,1.0,account-journaling-az2-prd-user-profile-sync-sink-74cd8b472hdn4,core,1073741824.0,byte,8768323.55,23323750.4
150,1682762400000000000,1.0,account-journaling-az2-prd-user-profile-sync-sink-74cd8b472hdn4,core,1073741824.0,byte,10425629.508333333,23206468.266666666
151,1682758800000000000,1.0,account-journaling-az2-prd-user-profile-sync-sink-74cd8b472hdn4,core,1073741824.0,byte,12925640.408333331,23226914.133333333
152,1682755200000000000,1.0,account-journaling-az2-prd-user-profile-sync-sink-74cd8b472hdn4,core,1073741824.0,byte,14125996.216666669,23143526.4
153,1682751600000000000,1.0,account-journaling-az2-prd-user-profile-sync-sink-74cd8b472hdn4,core,1073741824.0,byte,14010187.05,23018291.2
154,1682748000000000000,1.0,account-journaling-az2-prd-user-profile-sync-sink-74cd8b472hdn4,core,1073741824.0,byte,14415772.083333334,23215445.333333332
155,1682744400000000000,1.0,account-journaling-az2-prd-user-profile-sync-sink-74cd8b472hdn4,core,1073741824.0,byte,14593421.15,23126732.8
156,1682740800000000000,1.0,account-journaling-az2-prd-user-profile-sync-sink-74cd8b472hdn4,core,1073741824.0,byte,15041083.841666669,22947976.533333335
157,1682737200000000000,1.0,account-journaling-az2-prd-user-profile-sync-sink-74cd8b472hdn4,core,1073741824.0,byte,15357428.533333331,22507997.866666667
158,1682733600000000000,1.0,account-journaling-az2-prd-user-profile-sync-sink-74cd8b472hdn4,core,1073741824.0,byte,13875981.108333332,22443793.066666663
159,1682730000000000000,1.0,account-journaling-az2-prd-user-profile-sync-sink-74cd8b472hdn4,core,1073741824.0,byte,12196228.083333334,22361736.533333335
160,1682726400000000000,1.0,account-journaling-az2-prd-user-profile-sync-sink-74cd8b472hdn4,core,1073741824.0,byte,10261918.658333331,22686412.8
161,1682722800000000000,1.0,account-journaling-az2-prd-user-profile-sync-sink-74cd8b472hdn4,core,1073741824.0,byte,8162322.283333333,22664908.8
162,1682719200000000000,1.0,account-journaling-az2-prd-user-profile-sync-sink-74cd8b472hdn4,core,1073741824.0,byte,6189651.716666667,23333990.4
163,1682715600000000000,1.0,account-journaling-az2-prd-user-profile-sync-sink-74cd8b472hdn4,core,1073741824.0,byte,5088428.958333333,24017271.466666665
164,1682712000000000000,1.0,account-journaling-az2-prd-user-profile-sync-sink-74cd8b472hdn4,core,1073741824.0,byte,4005661.9833333334,26038203.733333334
165,1682708400000000000,1.0,account-journaling-az2-prd-user-profile-sync-sink-74cd8b472hdn4,core,1073741824.0,byte,3470570.7083333335,26913143.466666665
166,1682704800000000000,1.0,account-journaling-az2-prd-user-profile-sync-sink-74cd8b472hdn4,core,1073741824.0,byte,3408335.15,26624682.666666668
167,1682701200000000000,1.0,account-journaling-az2-prd-user-profile-sync-sink-74cd8b472hdn4,core,1073741824.0,byte,3568940.966666667,26041344.0
168,1682697600000000000,1.0,account-journaling-az2-prd-user-profile-sync-sink-74cd8b472hdn4,core,1073741824.0,byte,3965560.65,25576721.066666663
169,1682694000000000000,1.0,account-journaling-az2-prd-user-profile-sync-sink-74cd8b472hdn4,core,1073741824.0,byte,4564521.408333333,25238493.866666667
170,1682690400000000000,1.0,account-journaling-az2-prd-user-profile-sync-sink-74cd8b472hdn4,core,1073741824.0,byte,5437933.816666666,24445371.733333334
171,1682686800000000000,1.0,account-journaling-az2-prd-user-profile-sync-sink-74cd8b472hdn4,core,1073741824.0,byte,7037545.516666667,23445401.6
172,1682683200000000000,1.0,account-journaling-az2-prd-user-profile-sync-sink-74cd8b472hdn4,core,1073741824.0,byte,8332907.133333334,22737339.733333334
173,1682679600000000000,1.0,account-journaling-az2-prd-user-profile-sync-sink-74cd8b472hdn4,core,1073741824.0,byte,10000287.383333333,22451882.666666668
174,1682676000000000000,1.0,account-journaling-az2-prd-user-profile-sync-sink-74cd8b472hdn4,core,1073741824.0,byte,12936429.808333334,22501307.733333334
175,1682672400000000000,1.0,account-journaling-az2-prd-user-profile-sync-sink-74cd8b472hdn4,core,1073741824.0,byte,15871098.191666666,22383820.8
176,1682668800000000000,1.0,account-journaling-az2-prd-user-profile-sync-sink-74cd8b472hdn4,core,1073741824.0,byte,14787608.366666667,22237559.466666665
177,1682665200000000000,1.0,account-journaling-az2-prd-user-profile-sync-sink-74cd8b472hdn4,core,1073741824.0,byte,13105669.5,22467993.6
178,1682661600000000000,1.0,account-journaling-az2-prd-user-profile-sync-sink-74cd8b472hdn4,core,1073741824.0,byte,12080495.041666666,22460859.733333334
179,1682658000000000000,1.0,account-journaling-az2-prd-user-profile-sync-sink-74cd8b472hdn4,core,1073741824.0,byte,11862718.633333333,22368392.533333335
180,1682654400000000000,1.0,account-journaling-az2-prd-user-profile-sync-sink-74cd8b472hdn4,core,1073741824.0,byte,12050470.766666668,22444168.533333335
181,1682650800000000000,1.0,account-journaling-az2-prd-user-profile-sync-sink-74cd8b472hdn4,core,1073741824.0,byte,12030209.833333334,22607462.4
182,1682647200000000000,1.0,account-journaling-az2-prd-user-profile-sync-sink-74cd8b472hdn4,core,1073741824.0,byte,11185151.466666669,23113625.6
183,1682643600000000000,1.0,account-journaling-az2-prd-user-profile-sync-sink-74cd8b472hdn4,core,1073741824.0,byte,10055938.825,23123421.866666667
184,1682640000000000000,1.0,account-journaling-az2-prd-user-profile-sync-sink-74cd8b472hdn4,core,1073741824.0,byte,10468075.283333331,22804206.933333337
185,1682636400000000000,1.0,account-journaling-az2-prd-user-profile-sync-sink-74cd8b472hdn4,core,1073741824.0,byte,13529209.425,22786833.066666663
186,1682632800000000000,1.0,account-journaling-az2-prd-user-profile-sync-sink-74cd8b472hdn4,core,1073741824.0,byte,9731043.3,23254323.2
187,1682629200000000000,1.0,account-journaling-az2-prd-user-profile-sync-sink-74cd8b472hdn4,core,1073741824.0,byte,6049863.425,24018090.666666668
188,1682625600000000000,1.0,account-journaling-az2-prd-user-profile-sync-sink-74cd8b472hdn4,core,1073741824.0,byte,4207232.733333333,25305053.866666667
189,1682622000000000000,1.0,account-journaling-az2-prd-user-profile-sync-sink-74cd8b472hdn4,core,1073741824.0,byte,3339739.091666667,26731588.266666666
190,1682618400000000000,1.0,account-journaling-az2-prd-user-profile-sync-sink-74cd8b472hdn4,core,1073741824.0,byte,3222945.2333333334,26229350.4
191,1682614800000000000,1.0,account-journaling-az2-prd-user-profile-sync-sink-74cd8b472hdn4,core,1073741824.0,byte,3318498.308333333,26531225.6
192,1682611200000000000,1.0,account-journaling-az2-prd-user-profile-sync-sink-74cd8b472hdn4,core,1073741824.0,byte,3695373.816666667,26447633.066666663
193,1682607600000000000,1.0,account-journaling-az2-prd-user-profile-sync-sink-74cd8b472hdn4,core,1073741824.0,byte,4231712.708333333,25195622.4
194,1682604000000000000,1.0,account-journaling-az2-prd-user-profile-sync-sink-74cd8b472hdn4,core,1073741824.0,byte,5029234.466666667,24416836.266666666
195,1682600400000000000,1.0,account-journaling-az2-prd-user-profile-sync-sink-74cd8b472hdn4,core,1073741824.0,byte,6304732.866666666,23768541.866666667
196,1682596800000000000,1.0,account-journaling-az2-prd-user-profile-sync-sink-74cd8b472hdn4,core,1073741824.0,byte,7851273.775,23360375.466666665
197,1682593200000000000,1.0,account-journaling-az2-prd-user-profile-sync-sink-74cd8b472hdn4,core,1073741824.0,byte,9101941.383333333,23170355.2
198,1682589600000000000,1.0,account-journaling-az2-prd-user-profile-sync-sink-74cd8b472hdn4,core,1073741824.0,byte,11912407.258333333,22656716.8
199,1682586000000000000,1.0,account-journaling-az2-prd-user-profile-sync-sink-74cd8b472hdn4,core,1073741824.0,byte,15632404.741666667,22449527.466666665
200,1682582400000000000,1.0,account-journaling-az2-prd-user-profile-sync-sink-74cd8b472hdn4,core,1073741824.0,byte,13990168.7,22291797.333333332
201,1682578800000000000,1.0,account-journaling-az2-prd-user-profile-sync-sink-74cd8b472hdn4,core,1073741824.0,byte,11722442.05,22469290.666666668
202,1682575200000000000,1.0,account-journaling-az2-prd-user-profile-sync-sink-74cd8b472hdn4,core,1073741824.0,byte,11095250.675,22611899.733333334
203,1682571600000000000,1.0,account-journaling-az2-prd-user-profile-sync-sink-74cd8b472hdn4,core,1073741824.0,byte,10882083.3,22489804.8
204,1682568000000000000,1.0,account-journaling-az2-prd-user-profile-sync-sink-74cd8b472hdn4,core,1073741824.0,byte,11259536.533333331,22698598.4
205,1682564400000000000,1.0,account-journaling-az2-prd-user-profile-sync-sink-74cd8b472hdn4,core,1073741824.0,byte,11653938.2,22486835.2
206,1682560800000000000,1.0,account-journaling-az2-prd-user-profile-sync-sink-74cd8b472hdn4,core,1073741824.0,byte,10878390.641666668,22612753.066666663
207,1682557200000000000,1.0,account-journaling-az2-prd-user-profile-sync-sink-74cd8b472hdn4,core,1073741824.0,byte,9653124.283333331,23204078.933333337
208,1682553600000000000,1.0,account-journaling-az2-prd-user-profile-sync-sink-74cd8b472hdn4,core,1073741824.0,byte,10315296.666666666,23281152.0
209,1682550000000000000,1.0,account-journaling-az2-prd-user-profile-sync-sink-74cd8b472hdn4,core,1073741824.0,byte,13966158.858333332,22947874.133333333
210,1682546400000000000,1.0,account-journaling-az2-prd-user-profile-sync-sink-74cd8b472hdn4,core,1073741824.0,byte,9627878.408333331,23043788.8
211,1682542800000000000,1.0,account-journaling-az2-prd-user-profile-sync-sink-74cd8b472hdn4,core,1073741824.0,byte,6095040.708333333,24325700.266666666
212,1682539200000000000,1.0,account-journaling-az2-prd-user-profile-sync-sink-74cd8b472hdn4,core,1073741824.0,byte,4139319.5166666666,26050218.666666668
213,1682535600000000000,1.0,account-journaling-az2-prd-user-profile-sync-sink-74cd8b472hdn4,core,1073741824.0,byte,3348081.8333333335,27531946.666666668
214,1682532000000000000,1.0,account-journaling-az2-prd-user-profile-sync-sink-74cd8b472hdn4,core,1073741824.0,byte,3191098.933333333,26605670.4
215,1682528400000000000,1.0,account-journaling-az2-prd-user-profile-sync-sink-74cd8b472hdn4,core,1073741824.0,byte,3287346.3833333333,27424529.066666663
216,1682524800000000000,1.0,account-journaling-az2-prd-user-profile-sync-sink-74cd8b472hdn4,core,1073741824.0,byte,3536815.325,26397934.933333337
217,1682521200000000000,1.0,account-journaling-az2-prd-user-profile-sync-sink-74cd8b472hdn4,core,1073741824.0,byte,4107257.3583333334,26038818.133333333
218,1682517600000000000,1.0,account-journaling-az2-prd-user-profile-sync-sink-74cd8b472hdn4,core,1073741824.0,byte,4820141.566666666,25033796.266666666
219,1682514000000000000,1.0,account-journaling-az2-prd-user-profile-sync-sink-74cd8b472hdn4,core,1073741824.0,byte,6181789.158333333,24145954.133333333
220,1682510400000000000,1.0,account-journaling-az2-prd-user-profile-sync-sink-74cd8b472hdn4,core,1073741824.0,byte,7435244.608333333,23469909.333333332
221,1682506800000000000,1.0,account-journaling-az2-prd-user-profile-sync-sink-74cd8b472hdn4,core,1073741824.0,byte,8731880.083333334,22938999.466666665
222,1682503200000000000,1.0,account-journaling-az2-prd-user-profile-sync-sink-74cd8b472hdn4,core,1073741824.0,byte,11665716.316666666,22630161.066666663
223,1682499600000000000,1.0,account-journaling-az2-prd-user-profile-sync-sink-74cd8b472hdn4,core,1073741824.0,byte,15400130.85,22682146.133333333
224,1682496000000000000,1.0,account-journaling-az2-prd-user-profile-sync-sink-74cd8b472hdn4,core,1073741824.0,byte,13691542.341666669,23031057.066666663
225,1682492400000000000,1.0,account-journaling-az2-prd-user-profile-sync-sink-74cd8b472hdn4,core,1073741824.0,byte,11653950.966666669,23271662.933333337
226,1682488800000000000,1.0,account-journaling-az2-prd-user-profile-sync-sink-74cd8b472hdn4,core,1073741824.0,byte,11054355.3,22804718.933333337
227,1682485200000000000,1.0,account-journaling-az2-prd-user-profile-sync-sink-74cd8b472hdn4,core,1073741824.0,byte,10808044.7,22979276.8
228,1682481600000000000,1.0,account-journaling-az2-prd-user-profile-sync-sink-74cd8b472hdn4,core,1073741824.0,byte,11038532.758333333,22966237.866666667
229,1682478000000000000,1.0,account-journaling-az2-prd-user-profile-sync-sink-74cd8b472hdn4,core,1073741824.0,byte,11392964.058333334,23287876.266666666
230,1682474400000000000,1.0,account-journaling-az2-prd-user-profile-sync-sink-74cd8b472hdn4,core,1073741824.0,byte,10665071.708333334,23103931.733333334
231,1682470800000000000,1.0,account-journaling-az2-prd-user-profile-sync-sink-74cd8b472hdn4,core,1073741824.0,byte,9662331.191666666,22613230.933333337
232,1682467200000000000,1.0,account-journaling-az2-prd-user-profile-sync-sink-74cd8b472hdn4,core,1073741824.0,byte,10615698.35,22515302.4
233,1682463600000000000,1.0,account-journaling-az2-prd-user-profile-sync-sink-74cd8b472hdn4,core,1073741824.0,byte,14271537.858333332,22228343.466666665
234,1682460000000000000,1.0,account-journaling-az2-prd-user-profile-sync-sink-74cd8b472hdn4,core,1073741824.0,byte,9744651.908333331,22766626.133333333
235,1682456400000000000,1.0,account-journaling-az2-prd-user-profile-sync-sink-74cd8b472hdn4,core,1073741824.0,byte,6148407.591666667,23458030.933333337
236,1682452800000000000,1.0,account-journaling-az2-prd-user-profile-sync-sink-74cd8b472hdn4,core,1073741824.0,byte,4183664.508333334,24711475.2
237,1682449200000000000,1.0,account-journaling-az2-prd-user-profile-sync-sink-74cd8b472hdn4,core,1073741824.0,byte,3390418.175,26365201.066666663
238,1682445600000000000,1.0,account-journaling-az2-prd-user-profile-sync-sink-74cd8b472hdn4,core,1073741824.0,byte,3201320.65,26916932.266666666
239,1682442000000000000,1.0,account-journaling-az2-prd-user-profile-sync-sink-74cd8b472hdn4,core,1073741824.0,byte,3288250.816666667,25998404.266666666
240,1682438400000000000,1.0,account-journaling-az2-prd-user-profile-sync-sink-74cd8b472hdn4,core,1073741824.0,byte,3503416.033333333,25800021.333333332
241,1682434800000000000,1.0,account-journaling-az2-prd-user-profile-sync-sink-74cd8b472hdn4,core,1073741824.0,byte,3992950.775,25205521.066666663
242,1682431200000000000,1.0,account-journaling-az2-prd-user-profile-sync-sink-74cd8b472hdn4,core,1073741824.0,byte,4670576.541666667,24928460.8
243,1682427600000000000,1.0,account-journaling-az2-prd-user-profile-sync-sink-74cd8b472hdn4,core,1073741824.0,byte,5939647.608333333,24231833.6
244,1682424000000000000,1.0,account-journaling-az2-prd-user-profile-sync-sink-74cd8b472hdn4,core,1073741824.0,byte,7259615.4,23432157.866666667
245,1682420400000000000,1.0,account-journaling-az2-prd-user-profile-sync-sink-74cd8b472hdn4,core,1073741824.0,byte,8544136.208333334,23075498.666666668
246,1682416800000000000,1.0,account-journaling-az2-prd-user-profile-sync-sink-74cd8b472hdn4,core,1073741824.0,byte,10805718.45,23117824.0
247,1682413200000000000,1.0,account-journaling-az2-prd-user-profile-sync-sink-74cd8b472hdn4,core,1073741824.0,byte,14226793.266666668,22810282.666666668
248,1682409600000000000,1.0,account-journaling-az2-prd-user-profile-sync-sink-74cd8b472hdn4,core,1073741824.0,byte,13049232.466666669,23127961.6
249,1682406000000000000,1.0,account-journaling-az2-prd-user-profile-sync-sink-74cd8b472hdn4,core,1073741824.0,byte,11091484.35,23088025.6
250,1682402400000000000,1.0,account-journaling-az2-prd-user-profile-sync-sink-74cd8b472hdn4,core,1073741824.0,byte,10156064.558333334,23232512.0
251,1682398800000000000,1.0,account-journaling-az2-prd-user-profile-sync-sink-74cd8b472hdn4,core,1073741824.0,byte,10275225.6,23090039.466666665
252,1682395200000000000,1.0,account-journaling-az2-prd-user-profile-sync-sink-74cd8b472hdn4,core,1073741824.0,byte,10702684.891666668,23496840.533333335
253,1682391600000000000,1.0,account-journaling-az2-prd-user-profile-sync-sink-74cd8b472hdn4,core,1073741824.0,byte,11111989.566666666,23295624.533333335
254,1682388000000000000,1.0,account-journaling-az2-prd-user-profile-sync-sink-74cd8b472hdn4,core,1073741824.0,byte,10304389.608333332,23271424.0
255,1682384400000000000,1.0,account-journaling-az2-prd-user-profile-sync-sink-74cd8b472hdn4,core,1073741824.0,byte,9372960.175,23462126.933333337
256,1682380800000000000,1.0,account-journaling-az2-prd-user-profile-sync-sink-74cd8b472hdn4,core,1073741824.0,byte,10469765.891666668,23142912.0
257,1682377200000000000,1.0,account-journaling-az2-prd-user-profile-sync-sink-74cd8b472hdn4,core,1073741824.0,byte,14239903.0,22905617.066666663
258,1682373600000000000,1.0,account-journaling-az2-prd-user-profile-sync-sink-74cd8b472hdn4,core,1073741824.0,byte,9647342.191666666,23597021.866666667
259,1682370000000000000,1.0,account-journaling-az2-prd-user-profile-sync-sink-74cd8b472hdn4,core,1073741824.0,byte,5999814.566666666,24288119.466666665
260,1682366400000000000,1.0,account-journaling-az2-prd-user-profile-sync-sink-74cd8b472hdn4,core,1073741824.0,byte,4136617.383333334,25858833.066666663
261,1682362800000000000,1.0,account-journaling-az2-prd-user-profile-sync-sink-74cd8b472hdn4,core,1073741824.0,byte,3326530.375,26620245.333333332
262,1682359200000000000,1.0,account-journaling-az2-prd-user-profile-sync-sink-74cd8b472hdn4,core,1073741824.0,byte,3138657.125,27257207.466666665
263,1682355600000000000,1.0,account-journaling-az2-prd-user-profile-sync-sink-74cd8b472hdn4,core,1073741824.0,byte,3181164.5083333333,27041689.6
264,1682352000000000000,1.0,account-journaling-az2-prd-user-profile-sync-sink-74cd8b472hdn4,core,1073741824.0,byte,3443575.033333333,25927987.2
265,1682348400000000000,1.0,account-journaling-az2-prd-user-profile-sync-sink-74cd8b472hdn4,core,1073741824.0,byte,3912007.658333333,25346491.733333334
266,1682344800000000000,1.0,account-journaling-az2-prd-user-profile-sync-sink-74cd8b472hdn4,core,1073741824.0,byte,4609071.15,24608153.6
267,1682341200000000000,1.0,account-journaling-az2-prd-user-profile-sync-sink-74cd8b472hdn4,core,1073741824.0,byte,5874753.183333334,24141585.066666663
268,1682337600000000000,1.0,account-journaling-az2-prd-user-profile-sync-sink-74cd8b472hdn4,core,1073741824.0,byte,7237202.058333334,23535650.133333333
269,1682334000000000000,1.0,account-journaling-az2-prd-user-profile-sync-sink-74cd8b472hdn4,core,1073741824.0,byte,8626813.691666666,23119803.733333334
270,1682330400000000000,1.0,account-journaling-az2-prd-user-profile-sync-sink-74cd8b472hdn4,core,1073741824.0,byte,11180032.833333334,23078195.2
271,1682326800000000000,1.0,account-journaling-az2-prd-user-profile-sync-sink-74cd8b472hdn4,core,1073741824.0,byte,14766795.975,22882133.333333332
272,1682323200000000000,1.0,account-journaling-az2-prd-user-profile-sync-sink-74cd8b472hdn4,core,1073741824.0,byte,13524652.591666669,22787140.266666666
273,1682319600000000000,1.0,account-journaling-az2-prd-user-profile-sync-sink-74cd8b472hdn4,core,1073741824.0,byte,11632012.533333331,22497143.466666665
274,1682316000000000000,1.0,account-journaling-az2-prd-user-profile-sync-sink-74cd8b472hdn4,core,1073741824.0,byte,10956575.966666669,22499020.8
275,1682312400000000000,1.0,account-journaling-az2-prd-user-profile-sync-sink-74cd8b472hdn4,core,1073741824.0,byte,10393915.383333333,22548377.6
276,1682308800000000000,1.0,account-journaling-az2-prd-user-profile-sync-sink-74cd8b472hdn4,core,1073741824.0,byte,10702986.191666666,22593058.133333333
277,1682305200000000000,1.0,account-journaling-az2-prd-user-profile-sync-sink-74cd8b472hdn4,core,1073741824.0,byte,10830031.875,22591283.2
278,1682301600000000000,1.0,account-journaling-az2-prd-user-profile-sync-sink-74cd8b472hdn4,core,1073741824.0,byte,10448561.758333333,22714299.733333334
279,1682298000000000000,1.0,account-journaling-az2-prd-user-profile-sync-sink-74cd8b472hdn4,core,1073741824.0,byte,9548929.541666666,22624119.466666665
280,1682294400000000000,1.0,account-journaling-az2-prd-user-profile-sync-sink-74cd8b472hdn4,core,1073741824.0,byte,10660389.75,22845405.866666667
281,1682290800000000000,1.0,account-journaling-az2-prd-user-profile-sync-sink-74cd8b472hdn4,core,1073741824.0,byte,14211699.4,23111714.133333333
282,1682287200000000000,1.0,account-journaling-az2-prd-user-profile-sync-sink-74cd8b472hdn4,core,1073741824.0,byte,9997009.45,23142502.4
283,1682283600000000000,1.0,account-journaling-az2-prd-user-profile-sync-sink-74cd8b472hdn4,core,1073741824.0,byte,6278267.05,24225655.466666665
284,1682280000000000000,1.0,account-journaling-az2-prd-user-profile-sync-sink-74cd8b472hdn4,core,1073741824.0,byte,4221007.058333334,25795174.4
285,1682276400000000000,1.0,account-journaling-az2-prd-user-profile-sync-sink-74cd8b472hdn4,core,1073741824.0,byte,3434685.8833333333,27663940.266666666
286,1682272800000000000,1.0,account-journaling-az2-prd-user-profile-sync-sink-74cd8b472hdn4,core,1073741824.0,byte,3203133.6333333333,27526075.733333334
287,1682269200000000000,1.0,account-journaling-az2-prd-user-profile-sync-sink-74cd8b472hdn4,core,1073741824.0,byte,3280523.6333333333,26940723.2
288,1682265600000000000,1.0,account-journaling-az2-prd-user-profile-sync-sink-74cd8b472hdn4,core,1073741824.0,byte,3362070.95,26561228.8
289,1682262000000000000,1.0,account-journaling-az2-prd-user-profile-sync-sink-74cd8b472hdn4,core,1073741824.0,byte,3828366.8583333334,26274269.866666667
290,1682258400000000000,1.0,account-journaling-az2-prd-user-profile-sync-sink-74cd8b472hdn4,core,1073741824.0,byte,4520714.941666666,24911872.0
291,1682254800000000000,1.0,account-journaling-az2-prd-user-profile-sync-sink-74cd8b472hdn4,core,1073741824.0,byte,5660994.758333334,24233267.2
292,1682251200000000000,1.0,account-journaling-az2-prd-user-profile-sync-sink-74cd8b472hdn4,core,1073741824.0,byte,6834378.708333333,23865344.0
293,1682247600000000000,1.0,account-journaling-az2-prd-user-profile-sync-sink-74cd8b472hdn4,core,1073741824.0,byte,7922616.458333333,23566028.8
294,1682244000000000000,1.0,account-journaling-az2-prd-user-profile-sync-sink-74cd8b472hdn4,core,1073741824.0,byte,9315983.308333334,23517866.666666668
295,1682240400000000000,1.0,account-journaling-az2-prd-user-profile-sync-sink-74cd8b472hdn4,core,1073741824.0,byte,11353669.433333334,23059592.533333335
296,1682236800000000000,1.0,account-journaling-az2-prd-user-profile-sync-sink-74cd8b472hdn4,core,1073741824.0,byte,12453840.4,23075601.066666663
297,1682233200000000000,1.0,account-journaling-az2-prd-user-profile-sync-sink-74cd8b472hdn4,core,1073741824.0,byte,13156324.65,22879607.466666665
298,1682229600000000000,1.0,account-journaling-az2-prd-user-profile-sync-sink-74cd8b472hdn4,core,1073741824.0,byte,13541217.733333332,22995217.066666663
299,1682226000000000000,1.0,account-journaling-az2-prd-user-profile-sync-sink-74cd8b472hdn4,core,1073741824.0,byte,13859092.008333333,23107720.533333335
300,1682222400000000000,1.0,account-journaling-az2-prd-user-profile-sync-sink-74cd8b472hdn4,core,1073741824.0,byte,14036656.125,23037235.2
301,1682218800000000000,1.0,account-journaling-az2-prd-user-profile-sync-sink-74cd8b472hdn4,core,1073741824.0,byte,13643002.575,23271014.4
302,1682215200000000000,1.0,account-journaling-az2-prd-user-profile-sync-sink-74cd8b472hdn4,core,1073741824.0,byte,12429171.775,23163460.266666666
303,1682211600000000000,1.0,account-journaling-az2-prd-user-profile-sync-sink-74cd8b472hdn4,core,1073741824.0,byte,10866399.483333332,23059182.933333337
304,1682208000000000000,1.0,account-journaling-az2-prd-user-profile-sync-sink-74cd8b472hdn4,core,1073741824.0,byte,8286145.233333333,23267703.466666665
305,1682204400000000000,1.0,account-journaling-az2-prd-user-profile-sync-sink-74cd8b472hdn4,core,1073741824.0,byte,6856748.575,23690990.933333337
306,1682200800000000000,1.0,account-journaling-az2-prd-user-profile-sync-sink-74cd8b472hdn4,core,1073741824.0,byte,5589867.975,24285491.2
307,1682197200000000000,1.0,account-journaling-az2-prd-user-profile-sync-sink-74cd8b472hdn4,core,1073741824.0,byte,4631807.266666667,25031850.666666668
308,1682193600000000000,1.0,account-journaling-az2-prd-user-profile-sync-sink-74cd8b472hdn4,core,1073741824.0,byte,3765598.325,26483712.0
309,1682190000000000000,1.0,account-journaling-az2-prd-user-profile-sync-sink-74cd8b472hdn4,core,1073741824.0,byte,3411960.441666667,26579592.533333335
310,1682186400000000000,1.0,account-journaling-az2-prd-user-profile-sync-sink-74cd8b472hdn4,core,1073741824.0,byte,3389447.975,25608294.4
311,1682182800000000000,1.0,account-journaling-az2-prd-user-profile-sync-sink-74cd8b472hdn4,core,1073741824.0,byte,3514957.85,25846988.8
312,1682179200000000000,1.0,account-journaling-az2-prd-user-profile-sync-sink-74cd8b472hdn4,core,1073741824.0,byte,3878018.05,25110869.333333332
313,1682175600000000000,1.0,account-journaling-az2-prd-user-profile-sync-sink-74cd8b472hdn4,core,1073741824.0,byte,4449029.283333333,24185344.0
314,1682172000000000000,1.0,account-journaling-az2-prd-user-profile-sync-sink-74cd8b472hdn4,core,1073741824.0,byte,5163190.541666667,23919513.6
315,1682168400000000000,1.0,account-journaling-az2-prd-user-profile-sync-sink-74cd8b472hdn4,core,1073741824.0,byte,6523670.141666667,23456051.2
316,1682164800000000000,1.0,account-journaling-az2-prd-user-profile-sync-sink-74cd8b472hdn4,core,1073741824.0,byte,7922707.325,23029145.6
317,1682161200000000000,1.0,account-journaling-az2-prd-user-profile-sync-sink-74cd8b472hdn4,core,1073741824.0,byte,8963569.475,23010406.4
318,1682157600000000000,1.0,account-journaling-az2-prd-user-profile-sync-sink-74cd8b472hdn4,core,1073741824.0,byte,10970993.716666669,23463970.133333333
319,1682154000000000000,1.0,account-journaling-az2-prd-user-profile-sync-sink-74cd8b472hdn4,core,1073741824.0,byte,13401268.841666669,23140761.6
320,1682150400000000000,1.0,account-journaling-az2-prd-user-profile-sync-sink-74cd8b472hdn4,core,1073741824.0,byte,14415115.65,22851174.4
321,1682146800000000000,1.0,account-journaling-az2-prd-user-profile-sync-sink-74cd8b472hdn4,core,1073741824.0,byte,14556473.058333334,23084987.733333334
322,1682143200000000000,1.0,account-journaling-az2-prd-user-profile-sync-sink-74cd8b472hdn4,core,1073741824.0,byte,14780442.95,23238451.2
323,1682139600000000000,1.0,account-journaling-az2-prd-user-profile-sync-sink-74cd8b472hdn4,core,1073741824.0,byte,15010490.666666666,23135061.333333332
324,1682136000000000000,1.0,account-journaling-az2-prd-user-profile-sync-sink-74cd8b472hdn4,core,1073741824.0,byte,15215852.2,23294225.066666663
325,1682132400000000000,1.0,account-journaling-az2-prd-user-profile-sync-sink-74cd8b472hdn4,core,1073741824.0,byte,15392748.714285716,23138304.0
326,1682128800000000000,1.0,account-journaling-az2-prd-user-profile-sync-sink-74cd8b472hdn4,core,1073741824.0,byte,14399019.525,22903227.733333334
327,1682125200000000000,1.0,account-journaling-az2-prd-user-profile-sync-sink-74cd8b472hdn4,core,1073741824.0,byte,12511149.725,22990267.733333334
328,1682121600000000000,1.0,account-journaling-az2-prd-user-profile-sync-sink-74cd8b472hdn4,core,1073741824.0,byte,10345211.916666666,23185442.133333333
329,1682118000000000000,1.0,account-journaling-az2-prd-user-profile-sync-sink-74cd8b472hdn4,core,1073741824.0,byte,8394602.95,23291596.8
330,1682114400000000000,1.0,account-journaling-az2-prd-user-profile-sync-sink-74cd8b472hdn4,core,1073741824.0,byte,6493838.558333334,23772501.333333332
331,1682110800000000000,1.0,account-journaling-az2-prd-user-profile-sync-sink-74cd8b472hdn4,core,1073741824.0,byte,5291831.233333333,24243677.866666667
332,1682107200000000000,1.0,account-journaling-az2-prd-user-profile-sync-sink-74cd8b472hdn4,core,1073741824.0,byte,4121177.475,26101964.8
333,1682103600000000000,1.0,account-journaling-az2-prd-user-profile-sync-sink-74cd8b472hdn4,core,1073741824.0,byte,3497303.6416666666,26848904.533333335
334,1682100000000000000,1.0,account-journaling-az2-prd-user-profile-sync-sink-74cd8b472hdn4,core,1073741824.0,byte,3423101.591666667,27085653.333333332
335,1682096400000000000,1.0,account-journaling-az2-prd-user-profile-sync-sink-74cd8b472hdn4,core,1073741824.0,byte,3608724.3583333334,26460125.866666667
336,1682092800000000000,1.0,account-journaling-az2-prd-user-profile-sync-sink-74cd8b472hdn4,core,1073741824.0,byte,3977602.6666666665,25656934.4
337,1682089200000000000,1.0,account-journaling-az2-prd-user-profile-sync-sink-74cd8b472hdn4,core,1073741824.0,byte,4580091.391666667,24836744.533333335
338,1682085600000000000,1.0,account-journaling-az2-prd-user-profile-sync-sink-74cd8b472hdn4,core,1073741824.0,byte,5449764.516666667,24213606.4
339,1682082000000000000,1.0,account-journaling-az2-prd-user-profile-sync-sink-74cd8b472hdn4,core,1073741824.0,byte,6920156.8,23772535.466666665
340,1682078400000000000,1.0,account-journaling-az2-prd-user-profile-sync-sink-74cd8b472hdn4,core,1073741824.0,byte,8225678.825,23592584.533333335
341,1682074800000000000,1.0,account-journaling-az2-prd-user-profile-sync-sink-74cd8b472hdn4,core,1073741824.0,byte,9850017.65,23186909.866666667
342,1682071200000000000,1.0,account-journaling-az2-prd-user-profile-sync-sink-74cd8b472hdn4,core,1073741824.0,byte,13078539.891666668,23188582.4
343,1682067600000000000,1.0,account-journaling-az2-prd-user-profile-sync-sink-74cd8b472hdn4,core,1073741824.0,byte,16252183.325,22997538.133333333
344,1682064000000000000,1.0,account-journaling-az2-prd-user-profile-sync-sink-74cd8b472hdn4,core,1073741824.0,byte,14829938.825,23376793.6
345,1682060400000000000,1.0,account-journaling-az2-prd-user-profile-sync-sink-74cd8b472hdn4,core,1073741824.0,byte,12927723.375,23239099.733333334
346,1682056800000000000,1.0,account-journaling-az2-prd-user-profile-sync-sink-74cd8b472hdn4,core,1073741824.0,byte,12112705.3,22947498.666666668
347,1682053200000000000,1.0,account-journaling-az2-prd-user-profile-sync-sink-74cd8b472hdn4,core,1073741824.0,byte,11881286.841666669,23335287.466666665
348,1682049600000000000,1.0,account-journaling-az2-prd-user-profile-sync-sink-74cd8b472hdn4,core,1073741824.0,byte,11948839.95,23327027.2
349,1682046000000000000,1.0,account-journaling-az2-prd-user-profile-sync-sink-74cd8b472hdn4,core,1073741824.0,byte,12265939.483333332,23142741.333333332
350,1682042400000000000,1.0,account-journaling-az2-prd-user-profile-sync-sink-74cd8b472hdn4,core,1073741824.0,byte,11285016.358333332,23025186.133333333
351,1682038800000000000,1.0,account-journaling-az2-prd-user-profile-sync-sink-74cd8b472hdn4,core,1073741824.0,byte,10174842.766666668,23350272.0
352,1682035200000000000,1.0,account-journaling-az2-prd-user-profile-sync-sink-74cd8b472hdn4,core,1073741824.0,byte,10648817.95,23164313.6
